252, 11.25, 34.64, -15.80, -1.07, -0.05, -0.04
258, 11.19, 33.59, -17.62, -1.06, -0.00, -0.04
264, 11.34, 32.41, -19.22, -1.06, 0.03, -0.04
269, 11.73, 30.87, -21.34, -1.06, 0.06, -0.02
277, 12.37, 29.05, -24.40, -1.06, 0.09, -0.01
285, 13.11, 27.66, -27.51, -1.08, 0.11, -0.02
292, 14.02, 26.56, -30.26, -1.09, 0.10, -0.03
301, 15.04, 25.36, -32.21, -1.11, 0.11, -0.04
309, 16.34, 23.91, -32.93, -1.13, 0.11, -0.04
317, 17.39, 22.72, -32.27, -1.15, 0.14, -0.04
325, 18.09, 22.00, -30.20, -1.16, 0.14, -0.03
332, 18.24, 21.92, -27.33, -1.16, 0.14, -0.03
340, 17.91, 22.18, -22.93, -1.15, 0.10, -0.06
349, 16.89, 22.41, -17.66, -1.16, 0.02, -0.07
357, 15.21, 22.43, -11.98, -1.14, -0.06, -0.11
365, 12.92, 21.51, -5.48, -1.10, -0.12, -0.14
373, 10.89, 19.36, 0.23, -1.06, -0.16, -0.16
380, 9.10, 16.76, 4.92, -1.04, -0.17, -0.15
389, 7.25, 13.60, 9.65, -1.00, -0.17, -0.16
396, 5.68, 10.09, 13.42, -0.97, -0.16, -0.16
404, 4.46, 6.66, 15.91, -0.94, -0.17, -0.16
411, 3.44, 2.43, 18.00, -0.92, -0.17, -0.16
419, 2.79, -2.20, 19.42, -0.90, -0.17, -0.17
427, 2.47, -7.19, 20.29, -0.90, -0.16, -0.16
435, 2.47, -11.63, 20.67, -0.90, -0.14, -0.13
443, 2.55, -16.26, 20.82, -0.90, -0.11, -0.12
451, 2.70, -20.31, 20.67, -0.90, -0.06, -0.10
458, 2.70, -23.63, 20.24, -0.91, -0.01, -0.08
466, 2.69, -25.95, 19.57, -0.92, 0.03, -0.07
475, 2.56, -27.33, 18.60, -0.93, 0.06, -0.07
483, 2.29, -27.85, 17.44, -0.95, 0.06, -0.03
490, 1.77, -27.37, 16.35, -0.96, 0.09, -0.04
498, 1.15, -26.18, 15.33, -0.98, 0.09, -0.04
505, 0.67, -24.72, 14.69, -0.98, 0.09, -0.04
514, 0.11, -22.58, 14.26, -0.99, 0.10, -0.03
522, -0.40, -19.98, 13.95, -1.01, 0.10, -0.01
530, -0.79, -16.69, 13.56, -1.02, 0.09, -0.01
537, -1.22, -13.05, 13.01, -1.02, 0.09, -0.01
545, -1.40, -9.18, 12.35, -1.03, 0.09, -0.01
553, -1.65, -5.15, 11.71, -1.03, 0.07, 0.01
561, -1.89, -1.50, 11.27, -1.04, 0.05, 0.01
569, -2.08, 2.60, 10.93, -1.03, 0.04, 0.02
576, -2.34, 5.97, 10.76, -1.04, 0.03, 0.03
583, -2.66, 9.62, 10.73, -1.03, 0.01, 0.04
591, -3.10, 12.75, 10.72, -1.03, -0.01, 0.06
599, -3.73, 16.24, 10.79, -1.02, -0.05, 0.07
607, -4.34, 19.33, 10.79, -1.00, -0.07, 0.08
615, -4.84, 21.85, 10.76, -0.99, -0.10, 0.08
622, -5.22, 23.71, 10.58, -0.98, -0.14, 0.09
630, -5.37, 24.60, 10.08, -0.96, -0.15, 0.08
637, -5.54, 24.73, 8.93, -0.93, -0.14, 0.11
646, -5.57, 24.03, 6.78, -0.90, -0.11, 0.13
653, -5.33, 22.64, 3.73, -0.88, -0.07, 0.14
661, -4.75, 20.78, 0.44, -0.86, -0.01, 0.16
668, -3.39, 18.02, -3.71, -0.87, 0.03, 0.20
676, -1.50, 15.44, -7.36, -0.87, 0.06, 0.21
684, 1.57, 12.03, -11.34, -0.91, 0.06, 0.23
692, 4.49, 8.73, -15.15, -0.96, -0.03, 0.29
699, 6.12, 7.66, -17.92, -1.03, -0.16, 0.34
707, 7.51, 7.83, -19.94, -1.03, -0.21, 0.20
714, 9.65, 5.11, -20.23, -1.03, -0.21, 0.11
722, 11.98, 0.09, -19.31, -1.05, -0.13, 0.15
730, 15.25, -4.79, -17.39, -1.06, -0.00, 0.19
738, 19.37, -8.61, -15.08, -1.04, 0.14, 0.18
746, 24.37, -12.40, -12.82, -1.08, 0.18, 0.27
754, 29.34, -13.92, -10.84, -1.16, 0.09, 0.38
761, 33.40, -11.74, -8.95, -1.18, -0.04, 0.29
770, 36.87, -9.21, -6.79, -1.20, -0.19, 0.16
778, 39.74, -8.92, -4.24, -1.25, -0.31, 0.14
785, 41.71, -9.08, -1.57, -1.28, -0.38, 0.15
793, 43.31, -8.58, 1.63, -1.27, -0.35, 0.13
801, 44.46, -7.94, 5.05, -1.25, -0.27, 0.10
808, 45.59, -7.11, 8.41, -1.23, -0.23, 0.11
816, 46.53, -5.51, 11.22, -1.21, -0.20, 0.08
824, 47.91, -3.30, 14.32, -1.17, -0.20, 0.02
832, 49.85, -2.49, 17.63, -1.16, -0.20, 0.02
839, 52.40, -2.55, 21.51, -1.16, -0.22, 0.06
847, 54.73, -2.38, 25.21, -1.15, -0.21, 0.07
856, 57.16, -1.85, 29.39, -1.13, -0.18, 0.07
863, 58.92, -0.90, 33.10, -1.09, -0.13, 0.07
871, 59.76, 0.58, 35.95, -1.06, -0.10, 0.06
878, 59.68, 2.23, 37.65, -1.03, -0.09, 0.04
886, 58.79, 4.02, 38.60, -1.00, -0.09, 0.03
893, 56.87, 5.66, 38.43, -0.98, -0.09, 0.06
902, 54.61, 7.51, 37.44, -0.94, -0.05, 0.06
909, 51.65, 9.89, 35.71, -0.88, 0.01, 0.02
917, 48.75, 11.34, 33.36, -0.84, 0.06, 0.01
924, 46.15, 12.11, 30.75, -0.83, 0.12, 0.05
932, 43.34, 13.76, 27.34, -0.81, 0.15, 0.06
940, 41.15, 15.47, 24.46, -0.80, 0.16, 0.03
947, 39.16, 16.67, 21.50, -0.80, 0.13, 0.03
955, 37.57, 17.36, 19.25, -0.81, 0.09, 0.04
962, 36.43, 18.14, 18.08, -0.82, 0.06, 0.01
970, 35.51, 18.31, 17.73, -0.81, 0.03, -0.03
978, 35.01, 17.25, 18.46, -0.82, 0.01, -0.02
986, 34.89, 15.80, 19.89, -0.82, 0.00, 0.01
994, 35.13, 14.73, 21.19, -0.82, 0.02, -0.00
1001, 35.66, 13.27, 22.37, -0.81, 0.04, 0.00
1009, 36.61, 11.74, 22.70, -0.83, 0.07, 0.01
1017, 37.91, 10.81, 22.06, -0.84, 0.08, 0.03
1025, 39.34, 10.24, 20.76, -0.84, 0.10, 0.03
1033, 41.27, 9.37, 18.72, -0.88, 0.10, 0.06
1040, 43.18, 9.47, 16.26, -0.92, 0.11, 0.11
1048, 45.10, 10.67, 13.86, -0.94, 0.13, 0.10
1055, 46.87, 11.86, 11.95, -0.96, 0.16, 0.08
1063, 49.16, 13.33, 10.09, -1.00, 0.18, 0.08
1072, 51.68, 15.39, 8.52, -1.04, 0.22, 0.07
1079, 54.23, 18.12, 7.24, -1.07, 0.20, 0.07
1087, 56.00, 21.10, 6.00, -1.16, 0.07, 0.13
1094, 56.55, 26.56, 4.11, -1.24, -0.08, 0.16
1102, 56.26, 33.95, 2.06, -1.25, -0.19, 0.07
1110, 55.76, 39.85, 0.52, -1.24, -0.27, 0.00
1118, 55.36, 43.15, -0.08, -1.26, -0.32, 0.01
1126, 55.07, 46.82, 0.17, -1.25, -0.32, 0.04
1133, 54.90, 50.58, 1.07, -1.23, -0.28, 0.01
1141, 55.11, 53.56, 2.23, -1.24, -0.31, 0.04
1149, 55.44, 57.05, 2.90, -1.25, -0.39, 0.05
1157, 55.57, 61.05, 2.63, -1.23, -0.49, -0.02
1165, 55.53, 63.30, 1.53, -1.21, -0.58, -0.09
1173, 55.48, 63.02, 0.18, -1.22, -0.64, -0.09
1181, 55.44, 62.11, -0.63, -1.20, -0.63, -0.05
1189, 56.03, 59.82, -0.49, -1.17, -0.53, -0.05
1198, 57.27, 56.38, 0.90, -1.13, -0.38, -0.02
1205, 59.28, 52.60, 3.24, -1.10, -0.23, 0.01
1213, 61.68, 49.62, 6.11, -1.07, -0.09, 0.02
1221, 64.08, 47.34, 8.92, -1.07, -0.02, 0.03
1228, 66.95, 44.47, 12.66, -1.09, -0.02, 0.06
1236, 69.60, 42.02, 16.98, -1.11, -0.03, 0.10
1245, 71.92, 40.32, 21.89, -1.10, -0.04, 0.11
1253, 73.74, 38.66, 27.47, -1.07, -0.01, 0.10
1261, 75.16, 36.76, 33.02, -1.05, 0.03, 0.11
1268, 75.77, 35.25, 38.15, -1.01, 0.07, 0.13
1276, 75.88, 34.15, 42.50, -0.96, 0.10, 0.13
1285, 75.50, 32.82, 45.97, -0.92, 0.11, 0.12
1292, 74.99, 31.51, 48.37, -0.88, 0.09, 0.12
1300, 74.44, 29.83, 50.50, -0.84, 0.06, 0.08
1307, 73.91, 27.08, 52.14, -0.82, 0.02, 0.05
1315, 73.77, 23.39, 53.51, -0.81, -0.02, 0.05
1324, 74.02, 18.92, 54.84, -0.79, -0.07, 0.05
1332, 74.69, 13.88, 56.12, -0.78, -0.10, 0.03
1339, 75.71, 8.14, 57.21, -0.77, -0.12, 0.03
1347, 76.93, 2.29, 57.76, -0.77, -0.13, 0.02
1355, 78.06, -2.73, 57.57, -0.76, -0.13, 0.01
1363, 79.22, -8.53, 56.34, -0.76, -0.15, 0.03
1371, 80.20, -13.98, 54.09, -0.78, -0.16, 0.04
1379, 81.25, -18.87, 51.08, -0.78, -0.16, 0.04
1387, 82.50, -24.17, 46.90, -0.80, -0.15, 0.04
1395, 83.50, -28.24, 42.60, -0.81, -0.13, 0.06
1403, 84.41, -31.39, 37.97, -0.81, -0.11, 0.05
1412, 84.90, -33.98, 32.87, -0.84, -0.10, 0.07
1420, 84.92, -35.86, 27.16, -0.86, -0.07, 0.07
1428, 84.67, -36.67, 21.05, -0.87, -0.05, 0.07
1436, 84.37, -37.15, 14.72, -0.88, -0.03, 0.05
1444, 84.00, -37.97, 7.27, -0.92, -0.01, 0.06
1453, 83.69, -37.98, 0.41, -0.95, 0.06, 0.07
1460, 83.50, -36.89, -5.50, -1.01, 0.05, 0.10
1468, 82.93, -34.37, -11.60, -1.09, -0.06, 0.15
1476, 81.71, -29.42, -16.92, -1.16, -0.15, 0.12
1485, 81.37, -24.81, -19.50, -1.19, -0.26, -0.01
1494, 81.08, -21.42, -20.17, -1.25, -0.36, -0.02
1502, 80.75, -18.37, -18.95, -1.29, -0.46, -0.02
1510, 79.83, -14.95, -16.27, -1.30, -0.53, -0.06
1519, 78.46, -12.29, -11.86, -1.30, -0.57, -0.08
1527, 77.31, -10.47, -7.37, -1.29, -0.59, -0.08
1536, 76.00, -8.76, -2.76, -1.24, -0.57, -0.11
1544, 75.07, -8.40, 0.44, -1.21, -0.54, -0.11
1552, 74.31, -8.98, 2.78, -1.17, -0.49, -0.07
1560, 73.97, -9.91, 4.43, -1.15, -0.39, -0.02
1568, 73.97, -10.72, 5.69, -1.12, -0.29, 0.03
1575, 74.50, -11.27, 6.50, -1.10, -0.19, 0.07
1584, 75.34, -11.05, 6.79, -1.08, -0.12, 0.09
1592, 76.47, -10.43, 6.38, -1.08, -0.07, 0.11
1600, 77.62, -9.34, 5.57, -1.07, -0.05, 0.12
1607, 78.79, -7.86, 4.53, -1.07, -0.03, 0.13
1615, 79.92, -6.79, 3.65, -1.06, -0.01, 0.11
1624, 81.05, -5.82, 2.60, -1.05, 0.02, 0.10
1631, 82.15, -4.73, 1.47, -1.04, 0.07, 0.09
1639, 83.18, -3.65, 0.63, -1.02, 0.10, 0.07
1646, 84.15, -3.07, 0.35, -1.02, 0.11, 0.06
1654, 85.44, -2.61, 0.73, -1.02, 0.11, 0.05
1661, 86.82, -2.38, 1.88, -1.02, 0.09, 0.04
1670, 88.49, -2.35, 4.29, -1.02, 0.07, 0.03
1677, 90.37, -2.53, 7.82, -1.02, 0.05, -0.00
1685, 92.50, -3.27, 12.21, -1.01, 0.03, -0.02
1692, 94.37, -4.32, 16.38, -1.00, 0.02, -0.04
1700, 96.66, -5.91, 21.40, -0.99, -0.01, -0.04
1709, 98.92, -7.60, 26.95, -0.98, -0.02, -0.05
1717, 100.85, -9.45, 31.45, -0.96, -0.04, -0.09
1725, 102.49, -11.53, 35.37, -0.95, -0.07, -0.10
1734, 104.03, -13.83, 39.07, -0.93, -0.10, -0.11
1742, 105.04, -15.92, 41.54, -0.92, -0.13, -0.14
1751, 105.69, -18.52, 43.28, -0.91, -0.16, -0.14
1760, 105.97, -20.79, 43.68, -0.91, -0.18, -0.15
1768, 105.59, -23.21, 42.55, -0.91, -0.18, -0.17
1776, 104.96, -24.87, 40.24, -0.90, -0.16, -0.19
1784, 104.12, -26.24, 37.10, -0.90, -0.10, -0.20
1794, 103.56, -27.85, 32.87, -0.93, -0.06, -0.21
1802, 103.33, -28.67, 29.13, -0.92, 0.02, -0.23
1810, 103.47, -28.84, 25.39, -0.96, 0.07, -0.24
1818, 103.21, -28.15, 21.97, -1.03, 0.04, -0.20
1826, 101.42, -25.02, 18.05, -1.12, -0.11, -0.13
1836, 97.22, -18.17, 13.37, -1.16, -0.26, -0.21
1844, 92.46, -12.35, 9.92, -1.16, -0.37, -0.29
1852, 86.90, -8.24, 7.68, -1.18, -0.42, -0.26
1860, 81.15, -4.08, 6.64, -1.17, -0.37, -0.25
1867, 75.68, 0.05, 6.23, -1.12, -0.35, -0.27
1875, 69.86, 3.80, 5.60, -1.11, -0.32, -0.23
1884, 64.38, 8.40, 4.09, -1.08, -0.35, -0.22
1891, 58.27, 13.25, 1.36, -1.05, -0.39, -0.26
1899, 52.52, 16.69, -2.43, -1.02, -0.48, -0.32
1907, 47.08, 17.94, -6.87, -1.02, -0.57, -0.33
1915, 42.23, 17.21, -11.30, -1.01, -0.59, -0.30
1924, 38.15, 15.13, -15.19, -1.00, -0.55, -0.25
1932, 34.61, 11.94, -18.75, -0.97, -0.45, -0.24
1940, 32.70, 8.85, -21.21, -0.94, -0.30, -0.22
1948, 31.62, 5.69, -23.27, -0.92, -0.18, -0.21
1956, 31.31, 2.63, -25.10, -0.93, -0.11, -0.19
1965, 31.22, -0.17, -26.63, -0.95, -0.07, -0.17
1974, 31.39, -2.66, -27.80, -0.99, -0.07, -0.16
1982, 31.44, -4.52, -27.74, -1.03, -0.06, -0.15
1990, 31.71, -6.29, -26.32, -1.05, -0.04, -0.14
1998, 32.06, -8.06, -22.89, -1.07, 0.00, -0.12
2007, 32.56, -9.11, -18.40, -1.07, 0.06, -0.09
2015, 33.08, -9.40, -13.02, -1.07, 0.11, -0.09
2023, 33.51, -9.08, -7.47, -1.07, 0.14, -0.09
2031, 33.63, -8.12, -2.15, -1.06, 0.15, -0.10
2038, 33.50, -6.85, 2.78, -1.05, 0.13, -0.12
2046, 33.01, -5.88, 7.30, -1.04, 0.10, -0.13
2055, 32.17, -5.30, 11.34, -1.04, 0.06, -0.13
2063, 31.07, -4.69, 15.02, -1.04, 0.05, -0.10
2070, 29.86, -4.18, 18.43, -1.03, 0.06, -0.10
2078, 28.69, -3.57, 21.51, -1.02, 0.07, -0.08
2086, 27.42, -2.52, 24.18, -1.01, 0.07, -0.07
2095, 26.06, -1.30, 26.23, -0.99, 0.06, -0.05
2103, 24.66, 0.11, 27.69, -0.98, 0.04, -0.04
2110, 23.44, 1.39, 28.66, -0.96, 0.03, -0.04
2118, 22.05, 2.56, 29.42, -0.95, 0.01, -0.04
2125, 20.87, 3.37, 30.11, -0.94, -0.00, -0.04
2134, 19.73, 3.94, 30.72, -0.92, -0.01, -0.03
2142, 18.76, 4.20, 31.10, -0.90, -0.01, -0.03
2150, 17.85, 4.02, 31.11, -0.88, -0.01, -0.02
2158, 17.04, 3.69, 30.73, -0.86, -0.02, -0.02
2165, 16.38, 2.95, 29.88, -0.84, -0.03, -0.03
2173, 15.79, 1.76, 28.52, -0.83, -0.04, -0.01
2182, 15.50, 0.20, 26.84, -0.82, -0.04, -0.01
2190, 15.48, -1.76, 24.87, -0.81, -0.03, -0.02
2198, 16.03, -4.20, 22.81, -0.81, -0.02, -0.01
2206, 16.95, -6.99, 20.64, -0.81, -0.02, -0.00
2214, 18.08, -9.98, 18.12, -0.81, 0.02, -0.02
2223, 19.51, -13.28, 15.07, -0.82, 0.06, -0.02
2231, 21.10, -16.47, 11.05, -0.87, 0.08, 0.01
2238, 22.17, -18.58, 5.97, -0.95, -0.01, 0.08
2246, 22.24, -18.02, 0.69, -1.01, -0.08, 0.07
2254, 23.19, -16.67, -3.27, -1.02, -0.09, -0.06
2263, 25.88, -18.15, -5.47, -1.07, -0.10, -0.11
2271, 29.19, -20.05, -5.69, -1.17, -0.13, -0.05
2279, 31.82, -19.15, -4.56, -1.24, -0.22, -0.03
2287, 33.22, -15.57, -1.91, -1.28, -0.36, -0.05
2296, 33.69, -12.17, 1.36, -1.30, -0.53, -0.12
2305, 33.36, -9.40, 5.24, -1.29, -0.63, -0.17
2312, 32.37, -7.85, 9.02, -1.26, -0.67, -0.21
2320, 30.63, -7.47, 11.98, -1.23, -0.63, -0.20
2328, 28.87, -7.57, 13.54, -1.20, -0.54, -0.12
2336, 27.42, -7.16, 13.34, -1.16, -0.42, -0.06
2344, 26.61, -5.76, 11.56, -1.12, -0.29, -0.04
2353, 26.26, -3.47, 8.17, -1.09, -0.22, -0.07
2361, 26.00, -1.24, 4.49, -1.10, -0.21, -0.08
2369, 25.60, 0.85, 0.96, -1.12, -0.25, -0.09
2376, 25.08, 2.38, -1.31, -1.13, -0.25, -0.08
2384, 24.64, 3.62, -2.23, -1.14, -0.24, -0.06
2393, 24.27, 4.69, -1.27, -1.13, -0.18, -0.06
2401, 24.18, 5.77, 0.98, -1.08, -0.08, -0.09
2408, 24.17, 6.52, 3.60, -1.03, 0.05, -0.10
2416, 24.23, 7.08, 5.94, -0.98, 0.15, -0.07
2423, 24.29, 7.89, 7.62, -0.95, 0.22, -0.04
2432, 24.37, 9.13, 9.31, -0.92, 0.24, -0.03
2439, 24.60, 10.23, 11.01, -0.90, 0.22, -0.02
2447, 24.84, 11.05, 12.90, -0.87, 0.21, -0.02
2455, 25.18, 11.34, 14.90, -0.84, 0.19, -0.02
2463, 25.45, 11.05, 16.99, -0.81, 0.18, -0.03
2470, 25.79, 9.91, 18.70, -0.77, 0.17, -0.03
2479, 26.17, 8.49, 19.77, -0.74, 0.18, -0.03
2487, 26.81, 6.60, 20.21, -0.71, 0.20, -0.04
2494, 27.57, 4.34, 19.65, -0.68, 0.20, -0.06
2502, 28.50, 1.54, 18.06, -0.67, 0.20, -0.09
2510, 29.63, -1.77, 15.60, -0.67, 0.18, -0.12
2518, 31.01, -5.48, 12.63, -0.69, 0.16, -0.13
2526, 32.75, -9.36, 9.82, -0.72, 0.14, -0.13
2534, 34.38, -12.63, 7.51, -0.77, 0.12, -0.13
2542, 36.24, -15.86, 5.31, -0.81, 0.12, -0.14
2549, 37.95, -18.17, 3.50, -0.86, 0.11, -0.15
2557, 39.21, -19.60, 1.83, -0.91, 0.11, -0.16
2566, 40.05, -19.92, 0.40, -0.96, 0.10, -0.17
2574, 40.35, -19.04, -0.96, -1.01, 0.07, -0.18
2582, 40.23, -16.99, -2.18, -1.07, 0.04, -0.19
2590, 39.79, -13.63, -3.42, -1.11, 0.02, -0.21
2598, 39.07, -9.80, -4.40, -1.15, 0.01, -0.26
2607, 38.24, -5.39, -5.10, -1.18, 0.01, -0.29
2614, 37.36, -0.49, -5.34, -1.21, 0.01, -0.32
2622, 36.73, 4.55, -4.92, -1.25, -0.00, -0.36
2630, 35.95, 9.50, -3.89, -1.29, -0.07, -0.36
2638, 33.97, 14.75, -2.82, -1.34, -0.15, -0.35
2647, 30.11, 22.17, -1.95, -1.38, -0.24, -0.32
2655, 26.18, 29.82, -0.11, -1.31, -0.23, -0.51
2663, 22.58, 33.27, 3.34, -1.33, -0.26, -0.47
2671, 18.50, 36.17, 8.09, -1.40, -0.44, -0.24
2678, 12.18, 43.48, 12.43, -1.42, -0.63, -0.15
2686, 4.43, 52.79, 15.68, -1.32, -0.73, -0.33
2695, -3.04, 58.06, 18.14, -1.22, -0.79, -0.40
2703, -10.38, 59.44, 20.03, -1.15, -0.79, -0.35
2711, -17.86, 59.77, 21.62, -1.04, -0.74, -0.32
2719, -23.33, 57.83, 22.23, -0.91, -0.62, -0.33
2727, -26.69, 52.95, 21.60, -0.84, -0.53, -0.25
2737, -28.63, 46.98, 18.92, -0.78, -0.45, -0.24
2745, -29.28, 41.51, 14.29, -0.68, -0.38, -0.35
2753, -28.84, 33.21, 7.97, -0.67, -0.37, -0.40
2761, -27.79, 22.32, 0.90, -0.70, -0.37, -0.31
2769, -26.21, 10.69, -6.85, -0.76, -0.35, -0.21
2778, -24.89, 1.50, -12.82, -0.80, -0.28, -0.16
2786, -23.10, -7.15, -17.25, -0.83, -0.21, -0.17
2794, -21.10, -15.51, -20.31, -0.87, -0.13, -0.12
2803, -19.51, -21.21, -21.68, -0.89, -0.05, -0.11
2811, -18.26, -25.94, -22.02, -0.93, -0.01, -0.09
2821, -17.60, -28.98, -21.18, -0.96, 0.00, -0.03
2829, -17.28, -29.97, -19.47, -0.98, 0.01, -0.04
2837, -17.31, -29.95, -16.47, -0.98, 0.01, -0.07
2846, -17.73, -29.74, -13.31, -0.97, -0.02, -0.10
2854, -18.44, -29.45, -9.60, -0.98, -0.07, -0.11
2863, -19.44, -29.33, -6.40, -0.98, -0.12, -0.11
2872, -20.26, -29.19, -3.56, -0.96, -0.15, -0.12
2880, -20.46, -29.51, -0.99, -0.95, -0.18, -0.10
2888, -20.90, -30.14, 1.24, -0.93, -0.17, -0.13
2896, -20.92, -30.85, 2.14, -0.93, -0.17, -0.15
2906, -21.04, -31.91, 2.06, -0.92, -0.16, -0.14
2914, -20.23, -33.65, 1.45, -0.94, -0.15, -0.11
2922, -19.42, -34.66, 0.50, -0.97, -0.14, -0.05
2930, -18.50, -34.60, -0.76, -0.98, -0.12, -0.04
2938, -17.24, -34.06, -2.20, -1.00, -0.11, -0.08
2948, -16.26, -33.40, -3.24, -1.03, -0.10, -0.04
2956, -15.10, -31.94, -3.86, -1.06, -0.10, -0.04
2964, -14.29, -30.27, -3.94, -1.08, -0.09, -0.04
2973, -13.25, -28.02, -3.24, -1.09, -0.06, -0.03
2981, -12.32, -25.51, -2.35, -1.10, -0.04, -0.04
2990, -11.36, -22.17, -1.08, -1.10, -0.02, -0.05
2998, -10.35, -19.18, 0.35, -1.10, -0.01, -0.06
3007, -9.11, -15.94, 2.41, -1.11, -0.03, -0.03
3015, -8.11, -12.64, 4.76, -1.12, -0.06, -0.01
3023, -7.16, -9.15, 7.48, -1.10, -0.09, -0.02
3031, -6.15, -6.15, 10.40, -1.08, -0.09, -0.03
3039, -4.99, -3.71, 13.04, -1.05, -0.07, -0.03
3047, -3.91, -1.50, 15.05, -1.03, -0.04, -0.02
3055, -2.79, 0.66, 16.17, -1.01, -0.01, 0.00
3063, -1.50, 2.81, 16.52, -0.99, 0.01, 0.01
3070, -0.03, 5.05, 16.34, -0.98, 0.01, 0.02
3079, 1.28, 6.96, 15.74, -0.97, -0.01, 0.03
3086, 2.53, 8.90, 14.76, -0.96, -0.03, 0.02
3094, 3.63, 10.56, 13.62, -0.94, -0.03, 0.02
3101, 4.46, 11.62, 12.60, -0.93, -0.02, 0.01
3109, 5.37, 12.35, 11.39, -0.92, -0.00, 0.02
3118, 6.41, 12.99, 10.03, -0.90, 0.02, 0.03
3125, 7.60, 13.60, 8.37, -0.89, 0.05, 0.01
3132, 8.75, 13.98, 6.67, -0.87, 0.06, 0.00
3140, 10.02, 14.15, 4.49, -0.88, 0.06, -0.01
3147, 11.02, 14.12, 2.50, -0.88, 0.05, -0.02
3155, 12.00, 13.68, 0.44, -0.88, 0.02, -0.05
3164, 12.81, 12.81, -1.22, -0.89, 0.01, -0.03
3171, 13.44, 12.02, -2.29, -0.91, 0.01, -0.03
3179, 13.80, 11.22, -2.66, -0.91, 0.01, -0.04
3187, 14.06, 10.21, -2.60, -0.92, 0.01, -0.04
3195, 14.02, 9.44, -2.35, -0.92, 0.02, -0.03
3203, 13.91, 9.07, -2.00, -0.92, 0.02, -0.05
3211, 13.69, 8.67, -1.57, -0.93, 0.00, -0.04
3219, 13.48, 8.24, -1.13, -0.93, -0.01, -0.04
3227, 13.18, 7.88, -0.61, -0.93, -0.02, -0.06
3234, 12.76, 7.42, 0.03, -0.92, -0.02, -0.08
3243, 12.41, 6.52, 0.84, -0.92, -0.03, -0.09
3251, 12.08, 5.31, 1.65, -0.92, -0.03, -0.09
3258, 11.79, 4.15, 2.38, -0.91, -0.03, -0.10
3266, 11.40, 2.84, 2.93, -0.90, -0.02, -0.10
3274, 10.99, 1.74, 3.19, -0.90, -0.01, -0.09
3281, 10.41, 0.67, 3.24, -0.89, -0.01, -0.09
3290, 9.82, -0.43, 3.02, -0.90, -0.01, -0.10
3297, 9.18, -1.56, 2.61, -0.89, -0.01, -0.08
3305, 8.52, -2.46, 2.17, -0.89, -0.00, -0.08
3313, 7.97, -3.19, 1.77, -0.89, -0.01, -0.08
3320, 7.24, -4.11, 1.28, -0.89, 0.01, -0.08
3329, 6.49, -4.89, 0.70, -0.88, 0.02, -0.09
3336, 5.65, -5.60, -0.12, -0.88, 0.02, -0.09
3344, 4.84, -6.29, -1.01, -0.88, 0.01, -0.09
3352, 3.86, -7.02, -2.26, -0.89, 0.01, -0.09
3359, 2.92, -7.79, -3.68, -0.89, 0.01, -0.10
3367, 2.09, -8.49, -5.16, -0.90, -0.00, -0.09
3376, 1.34, -9.22, -6.76, -0.91, 0.01, -0.11
3383, 0.81, -9.85, -8.52, -0.92, 0.01, -0.10
3391, 0.46, -10.27, -10.03, -0.94, 0.02, -0.09
3399, 0.17, -10.43, -11.68, -0.96, 0.01, -0.09
3407, -0.06, -10.18, -13.39, -0.99, 0.02, -0.09
3416, -0.17, -9.63, -14.58, -1.00, 0.00, -0.09
3424, -0.32, -8.96, -15.36, -1.03, -0.01, -0.11
3432, -0.49, -8.09, -15.76, -1.05, -0.03, -0.11
3440, -0.64, -6.90, -15.83, -1.06, -0.03, -0.13
3448, -0.76, -5.98, -15.71, -1.07, -0.02, -0.11
3458, -0.78, -4.82, -15.34, -1.08, -0.02, -0.10
3466, -0.76, -3.19, -14.99, -1.08, -0.01, -0.10
3474, -0.61, -1.57, -14.67, -1.09, -0.02, -0.10
3482, -0.44, 0.09, -14.43, -1.10, -0.01, -0.11
3490, -0.20, 1.69, -14.03, -1.10, -0.01, -0.10
3499, 0.15, 3.63, -13.40, -1.10, -0.02, -0.10
3507, 0.43, 5.22, -12.64, -1.11, -0.02, -0.10
3514, 0.69, 6.96, -11.65, -1.10, -0.02, -0.10
3522, 0.79, 8.50, -10.63, -1.09, -0.01, -0.10
3530, 0.93, 9.88, -9.56, -1.09, -0.01, -0.10
3538, 0.89, 10.92, -8.70, -1.08, 0.01, -0.09
3546, 0.79, 12.06, -7.88, -1.06, 0.02, -0.09
3554, 0.69, 13.15, -7.24, -1.05, 0.03, -0.09
3562, 0.64, 13.86, -6.66, -1.04, 0.03, -0.09
3569, 0.41, 14.49, -6.29, -1.03, 0.04, -0.08
3577, 0.26, 15.07, -6.21, -1.02, 0.03, -0.07
3586, -0.12, 15.63, -6.24, -1.01, 0.04, -0.08
3593, -0.58, 15.69, -6.26, -0.99, 0.03, -0.08
3601, -1.02, 15.34, -6.23, -0.99, 0.02, -0.08
3609, -1.45, 14.61, -6.23, -0.98, 0.01, -0.09
3617, -1.97, 13.88, -6.37, -0.97, 0.02, -0.08
3625, -2.41, 12.73, -6.35, -0.95, 0.02, -0.10
3633, -2.64, 11.02, -6.38, -0.96, 0.01, -0.11
3641, -2.90, 9.04, -6.46, -0.96, 0.01, -0.10
3649, -3.24, 7.15, -6.63, -0.96, 0.01, -0.10
3656, -3.47, 5.07, -6.73, -0.96, 0.01, -0.10
3664, -3.57, 3.16, -6.67, -0.96, -0.00, -0.10
3673, -3.66, 0.92, -6.53, -0.98, -0.00, -0.10
3681, -3.63, -1.22, -6.27, -0.98, 0.01, -0.10
3688, -3.57, -3.19, -5.88, -0.99, 0.00, -0.09
3696, -3.44, -5.02, -5.51, -0.99, 0.02, -0.10
3704, -3.47, -6.60, -5.22, -1.00, 0.02, -0.10
3713, -3.50, -7.86, -4.93, -1.01, 0.01, -0.10
3721, -3.56, -8.93, -4.56, -1.01, 0.00, -0.12
3728, -3.65, -10.14, -4.08, -1.02, -0.01, -0.11
3737, -3.66, -11.30, -3.48, -1.03, -0.01, -0.11
3745, -3.66, -12.15, -2.79, -1.04, -0.00, -0.11
3753, -3.63, -12.87, -1.94, -1.04, 0.00, -0.11
3762, -3.69, -13.27, -1.16, -1.05, 0.00, -0.11
3770, -3.85, -13.34, -0.26, -1.05, 0.00, -0.11
3778, -4.09, -13.22, 0.58, -1.05, 0.00, -0.12
3786, -4.47, -13.10, 1.60, -1.05, -0.02, -0.11
3794, -4.93, -12.81, 2.84, -1.06, -0.03, -0.11
3803, -5.50, -12.46, 4.06, -1.05, -0.04, -0.12
3810, -6.02, -12.11, 5.27, -1.04, -0.03, -0.12
3818, -6.55, -11.71, 6.20, -1.03, -0.02, -0.12
3826, -7.04, -11.28, 6.75, -1.02, -0.01, -0.12
3834, -7.65, -10.79, 7.02, -1.01, 0.00, -0.11
3843, -8.12, -10.27, 6.87, -1.00, 0.01, -0.11
3851, -8.49, -9.71, 6.47, -1.00, 0.02, -0.10
3859, -8.75, -9.28, 6.05, -0.99, 0.01, -0.10
3866, -9.05, -8.75, 5.48, -0.99, 0.01, -0.10
3874, -9.33, -8.21, 4.92, -0.99, 0.01, -0.10
3883, -9.59, -7.82, 4.37, -0.98, 0.01, -0.09
3890, -9.98, -7.31, 3.80, -0.98, 0.01, -0.08
3898, -10.35, -6.79, 3.27, -0.98, 0.01, -0.08
3906, -10.85, -6.26, 2.70, -0.97, 0.02, -0.09
3913, -11.34, -5.83, 2.15, -0.97, 0.01, -0.08
3921, -11.86, -5.34, 1.65, -0.97, 0.01, -0.08
3930, -12.31, -5.08, 1.21, -0.96, 0.00, -0.09
3938, -12.67, -4.98, 0.64, -0.96, 0.01, -0.08
3946, -12.98, -4.93, 0.09, -0.97, 0.01, -0.08
3953, -13.13, -4.82, -0.50, -0.97, 0.01, -0.07
3961, -13.18, -4.90, -1.25, -0.97, 0.02, -0.07
3970, -13.10, -4.84, -2.09, -0.97, 0.03, -0.06
3978, -12.99, -4.49, -2.79, -0.98, 0.03, -0.05
3986, -12.82, -4.21, -3.36, -0.98, 0.02, -0.06
3994, -12.61, -3.95, -3.86, -0.99, 0.02, -0.05
4002, -12.26, -3.51, -4.18, -0.99, 0.03, -0.04
4011, -11.91, -3.08, -4.41, -1.00, 0.03, -0.04
4019, -11.48, -2.55, -4.55, -1.00, 0.03, -0.04
4027, -11.11, -1.82, -4.73, -1.00, 0.04, -0.04
4035, -10.85, -1.07, -4.87, -1.00, 0.04, -0.04
4043, -10.52, -0.38, -5.05, -1.00, 0.05, -0.04
4051, -10.17, 0.23, -5.22, -1.00, 0.04, -0.04
4060, -9.66, 0.81, -5.28, -1.00, 0.05, -0.04
4068, -9.10, 1.31, -5.34, -1.01, 0.05, -0.03
4075, -8.40, 1.86, -5.30, -1.01, 0.04, -0.04
4083, -7.82, 2.40, -5.15, -1.01, 0.04, -0.03
4090, -7.15, 2.89, -4.98, -1.00, 0.04, -0.04
4099, -6.55, 3.21, -4.75, -1.00, 0.04, -0.03
4107, -6.06, 3.53, -4.47, -1.00, 0.04, -0.03
4114, -5.68, 3.69, -4.12, -1.00, 0.03, -0.02
4122, -5.44, 3.94, -3.73, -1.00, 0.03, -0.02
4130, -5.10, 4.08, -3.15, -0.99, 0.03, -0.03
4137, -4.73, 3.92, -2.58, -0.99, 0.03, -0.04
4146, -4.26, 3.63, -2.26, -0.98, 0.04, -0.05
4154, -3.59, 3.37, -2.35, -0.98, 0.05, -0.04
4161, -2.87, 3.05, -2.75, -0.99, 0.06, -0.04
