252, -21.86, -3.94, -21.33, -1.01, 0.04, -0.13
258, -20.92, -5.68, -23.10, -1.03, 0.07, -0.16
264, -19.21, -8.32, -24.15, -1.05, 0.10, -0.14
269, -17.45, -10.17, -24.06, -1.07, 0.14, -0.12
277, -14.44, -11.82, -22.03, -1.08, 0.16, -0.14
285, -11.44, -13.13, -17.25, -1.08, 0.12, -0.12
294, -9.73, -13.50, -11.79, -1.12, -0.02, -0.08
303, -9.16, -12.69, -6.34, -1.11, -0.12, -0.14
311, -9.60, -12.47, -1.30, -1.10, -0.19, -0.19
319, -10.70, -13.63, 1.45, -1.09, -0.23, -0.17
327, -12.23, -14.56, 2.82, -1.06, -0.17, -0.14
335, -13.63, -15.21, 3.39, -1.01, -0.07, -0.16
344, -14.50, -16.50, 3.56, -0.99, 0.02, -0.15
351, -14.69, -17.74, 3.69, -0.97, 0.08, -0.12
359, -14.34, -18.11, 3.98, -0.97, 0.12, -0.16
367, -13.50, -18.76, 4.79, -0.97, 0.12, -0.18
375, -12.20, -20.14, 6.44, -1.00, 0.09, -0.15
384, -10.85, -21.19, 9.07, -1.03, 0.05, -0.12
391, -9.63, -21.73, 12.34, -1.04, 0.04, -0.11
399, -9.04, -21.92, 15.60, -1.04, 0.04, -0.11
407, -9.02, -21.63, 18.40, -1.04, 0.07, -0.11
415, -9.51, -20.60, 20.26, -1.02, 0.09, -0.11
423, -10.24, -19.30, 21.27, -1.01, 0.12, -0.10
432, -10.73, -17.86, 21.69, -1.00, 0.14, -0.08
440, -10.75, -16.11, 21.82, -0.98, 0.16, -0.08
448, -10.15, -14.34, 22.18, -0.96, 0.18, -0.11
456, -8.99, -12.84, 22.79, -0.94, 0.20, -0.14
463, -7.83, -11.94, 23.47, -0.93, 0.22, -0.16
472, -6.96, -11.36, 23.79, -0.93, 0.24, -0.16
480, -6.12, -10.72, 23.79, -0.93, 0.24, -0.16
488, -5.33, -9.89, 23.53, -0.94, 0.24, -0.15
495, -4.49, -8.81, 23.16, -0.96, 0.22, -0.14
503, -3.66, -7.28, 22.75, -0.98, 0.19, -0.14
512, -3.07, -5.37, 22.15, -0.99, 0.19, -0.14
519, -2.40, -3.24, 21.37, -0.99, 0.20, -0.15
527, -1.68, -1.19, 20.32, -0.98, 0.23, -0.16
535, -0.98, 0.55, 18.99, -0.98, 0.28, -0.16
542, -0.18, 2.75, 16.87, -0.98, 0.34, -0.15
549, 0.64, 5.36, 14.18, -0.97, 0.38, -0.16
558, 1.42, 7.83, 11.62, -0.96, 0.41, -0.19
565, 2.53, 10.55, 8.75, -0.96, 0.43, -0.20
572, 3.91, 12.69, 6.46, -0.96, 0.43, -0.24
580, 5.69, 14.41, 4.49, -0.98, 0.39, -0.24
587, 7.66, 16.24, 2.67, -0.97, 0.37, -0.29
594, 9.44, 17.37, 1.47, -0.98, 0.37, -0.34
603, 10.85, 17.83, 0.27, -0.99, 0.36, -0.38
610, 11.15, 17.73, -1.54, -1.05, 0.27, -0.36
618, 8.72, 19.37, -4.27, -1.15, 0.08, -0.24
625, 3.76, 24.43, -7.53, -1.17, -0.09, -0.30
633, -1.85, 29.13, -9.34, -1.16, -0.21, -0.42
642, -7.28, 30.44, -8.14, -1.17, -0.33, -0.44
649, -11.91, 30.38, -3.48, -1.16, -0.39, -0.42
657, -16.21, 29.77, 3.36, -1.09, -0.38, -0.50
665, -20.03, 26.95, 10.69, -1.00, -0.32, -0.53
673, -23.45, 22.41, 16.98, -0.96, -0.29, -0.50
681, -26.66, 18.12, 21.30, -0.90, -0.25, -0.51
690, -29.19, 13.21, 23.63, -0.86, -0.24, -0.51
698, -30.78, 6.93, 24.37, -0.86, -0.26, -0.46
706, -31.36, 0.76, 24.27, -0.86, -0.28, -0.41
714, -31.24, -4.53, 23.95, -0.84, -0.25, -0.40
722, -30.56, -11.13, 23.36, -0.81, -0.19, -0.44
731, -30.24, -17.13, 22.37, -0.80, -0.11, -0.41
739, -30.50, -22.08, 20.67, -0.78, -0.03, -0.41
747, -31.42, -26.78, 18.08, -0.78, 0.04, -0.41
755, -32.47, -30.50, 15.63, -0.81, 0.08, -0.38
763, -33.71, -32.70, 13.24, -0.84, 0.12, -0.35
772, -35.02, -33.01, 11.36, -0.86, 0.10, -0.35
780, -36.44, -32.63, 10.47, -0.90, 0.05, -0.38
788, -38.34, -31.85, 10.46, -0.93, -0.00, -0.36
796, -41.11, -30.00, 10.93, -0.94, -0.04, -0.34
804, -44.24, -27.71, 11.66, -0.93, -0.05, -0.36
813, -47.68, -25.56, 12.43, -0.91, -0.04, -0.36
821, -51.89, -23.33, 12.85, -0.89, -0.02, -0.36
830, -55.77, -21.13, 12.53, -0.86, 0.02, -0.34
838, -59.74, -18.85, 11.51, -0.84, 0.04, -0.33
846, -63.44, -16.75, 10.12, -0.84, 0.02, -0.32
854, -66.90, -14.61, 8.82, -0.84, -0.03, -0.31
862, -70.12, -12.79, 7.71, -0.84, -0.08, -0.29
870, -73.56, -11.37, 6.67, -0.85, -0.13, -0.29
878, -76.46, -10.76, 5.82, -0.83, -0.15, -0.28
886, -79.24, -10.99, 4.69, -0.81, -0.13, -0.27
894, -82.12, -12.05, 2.76, -0.81, -0.10, -0.24
903, -85.31, -13.07, -0.32, -0.82, -0.06, -0.19
911, -89.07, -13.39, -5.01, -0.82, -0.02, -0.15
920, -92.37, -13.34, -9.77, -0.83, -0.02, -0.12
928, -95.47, -13.18, -14.56, -0.86, -0.03, -0.07
936, -98.70, -12.79, -19.54, -0.88, -0.05, -0.06
945, -101.22, -12.61, -23.31, -0.89, -0.04, -0.05
954, -103.31, -13.04, -26.70, -0.91, 0.00, -0.05
962, -104.27, -14.09, -29.07, -0.91, 0.08, -0.06
970, -104.43, -15.91, -31.48, -0.93, 0.17, -0.05
979, -104.67, -17.07, -33.97, -1.00, 0.17, 0.01
988, -105.18, -15.40, -37.10, -1.06, 0.12, 0.02
996, -104.46, -13.04, -39.63, -1.07, 0.11, -0.13
1004, -101.80, -13.34, -40.78, -1.09, 0.10, -0.16
1013, -96.99, -15.10, -38.93, -1.13, 0.07, -0.07
1021, -91.50, -14.98, -33.21, -1.13, 0.05, -0.11
1030, -86.93, -14.69, -25.57, -1.14, -0.04, -0.12
1039, -83.11, -14.18, -16.06, -1.16, -0.16, -0.13
1047, -81.04, -12.96, -8.66, -1.13, -0.26, -0.25
1056, -80.02, -13.10, -3.10, -1.11, -0.32, -0.32
1064, -79.91, -15.19, -1.16, -1.12, -0.35, -0.27
1073, -80.72, -17.18, -2.06, -1.13, -0.31, -0.17
1081, -81.92, -17.39, -4.49, -1.08, -0.22, -0.14
1090, -82.85, -16.93, -7.65, -1.05, -0.10, -0.13
1098, -83.13, -16.29, -10.34, -1.02, -0.04, -0.12
1107, -82.76, -15.04, -12.93, -0.99, 0.01, -0.16
1116, -81.98, -14.44, -14.53, -0.97, 0.02, -0.20
1124, -80.70, -15.02, -15.34, -0.98, -0.01, -0.20
1133, -79.48, -15.88, -15.34, -0.99, -0.03, -0.22
1141, -78.61, -16.99, -14.93, -0.98, -0.02, -0.29
1150, -78.00, -19.50, -14.09, -0.99, -0.01, -0.28
1159, -77.80, -21.98, -13.13, -1.02, 0.02, -0.23
1167, -77.74, -23.11, -11.97, -1.05, 0.08, -0.19
1176, -77.54, -23.33, -10.06, -1.07, 0.13, -0.14
1184, -77.28, -21.98, -7.62, -1.09, 0.18, -0.09
1192, -77.22, -18.78, -4.66, -1.09, 0.21, -0.09
1201, -77.62, -14.00, -0.90, -1.08, 0.23, -0.12
1209, -78.27, -9.71, 2.53, -1.06, 0.23, -0.13
1217, -79.34, -5.28, 5.71, -1.04, 0.23, -0.11
1225, -80.37, -0.72, 8.49, -1.02, 0.23, -0.13
1233, -81.02, 3.42, 10.75, -0.98, 0.22, -0.13
1242, -81.37, 7.01, 12.26, -0.96, 0.20, -0.14
1249, -81.37, 10.26, 12.85, -0.94, 0.17, -0.15
1257, -81.07, 13.01, 12.37, -0.92, 0.15, -0.18
1265, -80.32, 14.67, 10.89, -0.90, 0.13, -0.20
1273, -79.15, 15.48, 8.64, -0.90, 0.11, -0.19
1282, -77.77, 15.86, 5.73, -0.91, 0.11, -0.18
1290, -76.27, 16.14, 2.35, -0.92, 0.13, -0.19
1298, -74.76, 16.12, -1.30, -0.91, 0.16, -0.21
1306, -73.82, 15.92, -4.87, -0.92, 0.18, -0.19
1314, -73.37, 16.20, -8.40, -0.95, 0.19, -0.19
1323, -73.21, 16.64, -10.85, -0.97, 0.17, -0.19
1331, -73.82, 17.16, -13.02, -1.05, 0.04, -0.10
1339, -75.30, 20.11, -14.78, -1.10, -0.09, -0.10
1347, -76.63, 24.52, -16.12, -1.08, -0.15, -0.28
1355, -76.96, 25.16, -16.79, -1.07, -0.17, -0.35
1364, -76.23, 23.82, -16.66, -1.06, -0.11, -0.37
1373, -75.11, 22.49, -15.91, -1.04, -0.07, -0.43
1381, -73.83, 19.59, -14.29, -1.07, -0.07, -0.42
1390, -73.13, 17.47, -12.31, -1.13, -0.16, -0.33
1398, -73.07, 17.48, -9.31, -1.15, -0.26, -0.37
1406, -73.16, 17.21, -5.59, -1.15, -0.33, -0.42
1415, -73.27, 15.44, -0.98, -1.15, -0.35, -0.39
1423, -73.62, 13.83, 4.66, -1.14, -0.34, -0.32
1431, -74.31, 13.74, 9.07, -1.08, -0.23, -0.32
1439, -74.92, 13.74, 12.02, -1.01, -0.11, -0.34
1447, -75.27, 13.65, 12.95, -0.96, -0.02, -0.34
1457, -75.71, 14.32, 11.33, -0.94, 0.04, -0.36
1464, -76.05, 14.95, 8.08, -0.92, 0.05, -0.40
1472, -76.17, 14.67, 4.08, -0.95, 0.02, -0.37
1480, -76.03, 14.56, 0.27, -0.99, -0.03, -0.32
1488, -75.89, 15.22, -2.75, -1.03, -0.07, -0.31
1497, -75.85, 16.31, -4.73, -1.04, -0.09, -0.31
1505, -76.09, 17.69, -5.98, -1.06, -0.09, -0.30
1513, -76.98, 19.62, -6.58, -1.07, -0.08, -0.29
1522, -78.66, 22.06, -7.01, -1.07, -0.09, -0.28
1530, -81.57, 25.21, -7.59, -1.07, -0.10, -0.24
1539, -84.64, 28.46, -8.24, -1.07, -0.12, -0.23
1547, -87.97, 31.50, -8.96, -1.06, -0.15, -0.23
1555, -91.19, 33.92, -9.60, -1.06, -0.18, -0.20
1563, -94.58, 36.32, -10.09, -1.06, -0.18, -0.17
1572, -97.22, 38.00, -10.02, -1.04, -0.19, -0.14
1581, -99.66, 39.21, -9.40, -1.03, -0.18, -0.12
1589, -101.48, 39.94, -8.44, -1.02, -0.18, -0.09
1597, -103.22, 40.67, -6.72, -1.00, -0.19, -0.09
1606, -104.47, 40.50, -4.75, -0.98, -0.22, -0.10
1614, -105.53, 39.10, -2.12, -0.97, -0.26, -0.08
1623, -106.24, 37.13, 0.38, -0.95, -0.30, -0.07
1631, -106.73, 34.43, 2.89, -0.93, -0.32, -0.05
1639, -107.02, 30.37, 5.54, -0.91, -0.33, -0.03
1648, -107.22, 26.29, 7.50, -0.90, -0.33, -0.01
1656, -107.18, 22.11, 8.96, -0.88, -0.31, -0.01
1665, -106.67, 16.70, 9.91, -0.87, -0.28, -0.01
1673, -105.60, 11.25, 10.21, -0.86, -0.25, 0.00
1681, -104.00, 5.71, 10.14, -0.87, -0.22, 0.02
1689, -102.14, 0.27, 9.62, -0.88, -0.22, 0.04
1697, -100.53, -4.50, 8.66, -0.92, -0.26, 0.06
1705, -98.85, -8.75, 7.18, -0.95, -0.29, 0.02
1714, -96.82, -12.63, 6.09, -0.97, -0.30, -0.02
1722, -93.80, -17.44, 5.80, -0.99, -0.29, -0.04
1730, -90.15, -22.41, 6.69, -1.02, -0.29, -0.01
1738, -86.44, -26.75, 8.49, -1.04, -0.28, 0.01
1746, -82.66, -30.38, 10.96, -1.05, -0.29, 0.01
1755, -79.86, -32.47, 12.66, -1.08, -0.32, 0.03
1763, -77.53, -33.66, 13.28, -1.08, -0.35, 0.02
1771, -75.21, -34.58, 12.37, -1.09, -0.36, 0.01
1780, -73.27, -35.28, 10.17, -1.10, -0.35, 0.02
1788, -71.54, -35.60, 6.89, -1.11, -0.30, 0.05
1797, -69.82, -35.30, 2.92, -1.11, -0.24, 0.07
1805, -67.66, -34.14, -1.82, -1.13, -0.17, 0.07
1813, -65.27, -32.55, -5.89, -1.15, -0.10, 0.08
1821, -62.06, -30.27, -9.71, -1.17, -0.06, 0.08
1829, -58.12, -27.57, -13.25, -1.21, -0.05, 0.08
1838, -53.11, -23.82, -16.76, -1.24, -0.03, 0.07
1847, -48.46, -19.89, -19.01, -1.26, -0.02, 0.08
1855, -43.68, -14.93, -20.70, -1.29, -0.00, 0.07
1863, -39.89, -10.08, -21.57, -1.29, 0.04, 0.06
1871, -36.32, -4.26, -21.56, -1.29, 0.07, 0.06
1880, -33.60, 1.27, -20.61, -1.31, 0.10, 0.09
1888, -31.34, 7.40, -18.55, -1.29, 0.12, 0.11
1896, -29.30, 13.82, -15.39, -1.27, 0.13, 0.12
1904, -27.45, 20.21, -11.21, -1.23, 0.14, 0.11
1912, -25.73, 26.29, -6.32, -1.18, 0.15, 0.09
1921, -23.85, 31.57, -1.27, -1.12, 0.16, 0.08
1929, -21.92, 35.80, 3.37, -1.06, 0.18, 0.06
1936, -20.08, 39.13, 7.39, -1.01, 0.19, 0.06
1944, -18.35, 41.95, 10.55, -0.98, 0.17, 0.04
1952, -16.81, 43.98, 13.07, -0.94, 0.13, 0.01
1959, -15.42, 44.73, 15.21, -0.91, 0.10, -0.03
1968, -13.94, 44.00, 17.30, -0.89, 0.08, -0.05
1976, -12.38, 42.20, 19.39, -0.87, 0.07, -0.04
1984, -10.58, 40.00, 21.50, -0.86, 0.07, -0.02
1992, -8.56, 37.74, 23.45, -0.85, 0.09, -0.02
2000, -6.38, 35.47, 24.87, -0.84, 0.08, -0.03
2009, -4.18, 33.36, 25.59, -0.83, 0.09, -0.05
2017, -2.27, 31.25, 25.51, -0.82, 0.11, -0.10
2025, -0.82, 28.98, 24.67, -0.82, 0.11, -0.12
2032, 0.21, 26.60, 23.30, -0.85, 0.09, -0.12
2040, 0.89, 24.63, 21.66, -0.87, 0.05, -0.12
2049, 1.11, 23.44, 20.11, -0.90, -0.00, -0.12
2056, 1.19, 22.81, 18.99, -0.93, -0.07, -0.15
2064, 0.87, 22.08, 18.20, -0.96, -0.16, -0.18
2072, -0.12, 21.73, 17.57, -0.99, -0.26, -0.18
2080, -1.54, 22.05, 17.02, -0.99, -0.30, -0.25
2088, -2.64, 21.25, 16.76, -0.97, -0.29, -0.30
2097, -3.24, 18.93, 16.79, -0.97, -0.26, -0.27
2105, -3.63, 16.87, 16.92, -0.96, -0.22, -0.25
2113, -4.08, 15.82, 16.72, -0.95, -0.19, -0.27
2121, -4.47, 14.53, 15.59, -0.94, -0.18, -0.30
2129, -4.78, 13.16, 13.71, -0.96, -0.20, -0.27
2138, -5.15, 12.35, 11.33, -0.97, -0.22, -0.26
2146, -5.56, 11.73, 8.82, -0.97, -0.24, -0.26
2154, -5.98, 10.90, 6.72, -0.98, -0.24, -0.24
2161, -6.46, 10.12, 5.04, -0.97, -0.21, -0.22
2169, -6.90, 9.76, 3.51, -0.95, -0.16, -0.24
2178, -7.33, 9.25, 1.86, -0.92, -0.11, -0.24
2185, -7.57, 8.44, 0.08, -0.91, -0.06, -0.23
2193, -7.68, 7.68, -1.77, -0.89, -0.02, -0.23
2201, -7.54, 6.81, -4.20, -0.89, 0.01, -0.22
2208, -7.01, 5.79, -6.66, -0.88, 0.01, -0.21
2216, -6.11, 4.70, -8.89, -0.89, 0.00, -0.21
2225, -4.98, 3.54, -10.60, -0.89, -0.01, -0.21
2233, -3.97, 2.14, -11.88, -0.89, -0.02, -0.21
2241, -3.24, 0.70, -12.73, -0.90, -0.02, -0.20
2249, -2.72, -0.63, -13.28, -0.90, -0.01, -0.21
2257, -2.31, -2.14, -13.50, -0.90, -0.02, -0.21
2266, -2.09, -3.44, -13.59, -0.92, -0.04, -0.21
2274, -1.80, -4.44, -13.73, -0.92, -0.05, -0.23
2282, -1.39, -5.63, -13.76, -0.93, -0.08, -0.24
2290, -0.96, -6.99, -13.71, -0.95, -0.10, -0.26
2298, -0.69, -8.52, -13.73, -0.96, -0.14, -0.26
2308, -0.82, -9.95, -13.76, -0.97, -0.14, -0.27
2316, -1.30, -11.50, -13.59, -0.99, -0.14, -0.27
2324, -1.88, -12.73, -13.21, -1.01, -0.14, -0.26
2332, -2.75, -13.56, -12.49, -1.03, -0.14, -0.25
2341, -3.77, -13.77, -11.56, -1.05, -0.14, -0.26
2350, -4.98, -13.62, -10.06, -1.06, -0.13, -0.26
2358, -6.02, -13.13, -8.55, -1.08, -0.12, -0.26
2366, -7.15, -12.18, -6.84, -1.10, -0.12, -0.25
2374, -8.35, -10.96, -5.62, -1.11, -0.10, -0.24
2383, -10.02, -9.27, -4.85, -1.11, -0.08, -0.23
2392, -12.31, -6.64, -4.31, -1.11, -0.06, -0.21
2400, -14.63, -4.18, -3.86, -1.10, -0.05, -0.19
2408, -16.96, -1.79, -3.19, -1.10, -0.03, -0.16
2416, -19.19, 0.75, -2.27, -1.09, -0.02, -0.14
2424, -21.45, 3.80, -0.98, -1.07, 0.00, -0.13
2433, -23.22, 6.29, 0.06, -1.04, 0.02, -0.12
2441, -24.47, 8.21, 0.81, -1.02, 0.04, -0.11
2448, -25.65, 10.11, 1.56, -0.99, 0.03, -0.11
2456, -26.52, 11.36, 2.17, -0.97, 0.03, -0.11
2464, -26.99, 11.85, 2.73, -0.96, 0.02, -0.11
2472, -27.04, 11.68, 3.13, -0.94, 0.01, -0.12
2480, -26.55, 10.73, 3.45, -0.92, 0.01, -0.13
2488, -25.56, 8.93, 3.69, -0.91, 0.01, -0.13
2496, -24.17, 6.67, 3.91, -0.90, 0.02, -0.12
2504, -22.44, 4.11, 3.98, -0.89, 0.04, -0.12
2511, -20.34, 1.25, 3.94, -0.89, 0.05, -0.11
2520, -18.32, -1.33, 3.77, -0.90, 0.06, -0.10
2528, -15.94, -3.95, 3.48, -0.91, 0.07, -0.10
2535, -13.59, -6.21, 3.22, -0.92, 0.08, -0.10
2543, -11.39, -8.29, 3.05, -0.93, 0.09, -0.10
2551, -9.40, -9.92, 3.04, -0.95, 0.09, -0.09
2560, -7.51, -10.89, 3.21, -0.97, 0.09, -0.09
2567, -5.88, -11.39, 3.51, -0.98, 0.10, -0.10
2575, -4.31, -11.48, 3.85, -0.99, 0.09, -0.09
2583, -2.90, -11.02, 4.18, -1.00, 0.09, -0.10
2591, -1.63, -10.09, 4.47, -1.01, 0.09, -0.12
2599, -0.50, -9.08, 4.67, -1.02, 0.08, -0.12
2607, 0.53, -7.76, 4.93, -1.03, 0.08, -0.12
2615, 1.36, -6.40, 5.11, -1.03, 0.08, -0.12
2622, 2.18, -4.56, 5.40, -1.03, 0.08, -0.12
2630, 2.99, -2.64, 5.76, -1.03, 0.07, -0.12
2637, 3.69, -0.87, 6.06, -1.03, 0.07, -0.13
2646, 4.35, 1.30, 6.44, -1.03, 0.06, -0.13
2653, 4.84, 3.22, 6.73, -1.02, 0.06, -0.13
2660, 5.16, 5.60, 6.99, -1.03, 0.05, -0.13
2668, 5.28, 7.79, 7.11, -1.02, 0.04, -0.13
2675, 5.28, 10.17, 7.01, -1.01, 0.03, -0.13
2682, 5.15, 12.40, 6.58, -1.00, 0.03, -0.12
2691, 4.98, 14.26, 6.06, -0.98, 0.03, -0.13
2698, 4.89, 16.23, 5.34, -0.97, 0.03, -0.13
2706, 4.87, 17.57, 4.58, -0.95, 0.04, -0.13
2713, 4.81, 18.85, 3.65, -0.94, 0.05, -0.14
2721, 4.84, 19.82, 2.53, -0.92, 0.05, -0.14
2728, 4.84, 20.27, 1.39, -0.90, 0.05, -0.15
2737, 4.79, 20.38, 0.08, -0.89, 0.05, -0.15
2744, 4.85, 20.05, -1.22, -0.88, 0.05, -0.15
2752, 4.87, 19.45, -2.20, -0.88, 0.05, -0.14
2759, 4.82, 18.50, -3.13, -0.88, 0.05, -0.15
2767, 4.78, 17.37, -3.98, -0.87, 0.04, -0.15
2776, 4.58, 16.17, -4.55, -0.87, 0.04, -0.15
2783, 4.11, 14.85, -4.87, -0.86, 0.03, -0.15
2791, 3.59, 13.48, -5.01, -0.86, 0.03, -0.17
2799, 2.92, 11.65, -5.25, -0.86, 0.04, -0.16
2806, 2.27, 9.73, -5.71, -0.86, 0.05, -0.16
2814, 1.60, 7.86, -6.49, -0.86, 0.06, -0.15
2822, 1.07, 6.32, -7.53, -0.87, 0.07, -0.14
2830, 0.50, 4.73, -9.04, -0.87, 0.08, -0.14
2837, 0.11, 3.33, -10.69, -0.88, 0.09, -0.14
2845, -0.15, 2.08, -12.08, -0.89, 0.10, -0.14
2853, -0.23, 0.79, -13.59, -0.91, 0.10, -0.14
2861, -0.26, -0.21, -14.93, -0.93, 0.09, -0.14
2869, -0.29, -1.07, -16.32, -0.94, 0.09, -0.14
2877, -0.37, -1.63, -17.48, -0.96, 0.08, -0.14
2885, -0.44, -1.88, -18.37, -0.98, 0.07, -0.15
2893, -0.56, -2.11, -19.05, -0.99, 0.05, -0.15
2902, -0.75, -2.38, -19.47, -1.01, 0.03, -0.17
2910, -0.84, -2.63, -19.66, -1.01, 0.03, -0.15
2918, -0.79, -2.89, -19.57, -1.02, 0.04, -0.15
2926, -0.58, -3.11, -19.13, -1.03, 0.05, -0.15
2934, -0.32, -3.16, -18.72, -1.03, 0.06, -0.15
2942, -0.05, -2.98, -18.24, -1.04, 0.07, -0.16
2951, 0.20, -2.76, -17.80, -1.05, 0.06, -0.15
2959, 0.44, -2.43, -17.27, -1.06, 0.05, -0.15
2967, 0.61, -1.98, -16.69, -1.07, 0.05, -0.14
2974, 0.67, -1.51, -15.88, -1.08, 0.05, -0.15
2982, 0.69, -1.01, -14.85, -1.09, 0.05, -0.14
2991, 0.73, -0.38, -13.68, -1.09, 0.05, -0.12
2999, 0.64, 0.41, -12.41, -1.09, 0.06, -0.14
3006, 0.50, 1.28, -11.25, -1.09, 0.05, -0.14
3014, 0.29, 2.08, -10.21, -1.08, 0.06, -0.14
3022, 0.05, 2.72, -9.37, -1.08, 0.05, -0.13
3030, -0.27, 3.39, -8.49, -1.08, 0.04, -0.14
3038, -0.56, 3.88, -7.51, -1.07, 0.03, -0.14
3045, -0.81, 4.14, -6.40, -1.06, 0.03, -0.14
3053, -1.01, 4.17, -5.28, -1.06, 0.03, -0.13
3061, -1.16, 3.97, -3.94, -1.05, 0.04, -0.14
3068, -1.27, 3.56, -2.66, -1.04, 0.05, -0.13
3077, -1.31, 3.01, -1.42, -1.03, 0.06, -0.13
3085, -1.39, 2.43, -0.32, -1.02, 0.07, -0.13
3092, -1.42, 1.88, 0.55, -1.02, 0.07, -0.12
3100, -1.34, 1.21, 1.25, -1.01, 0.07, -0.12
3107, -1.24, 0.52, 1.92, -1.01, 0.07, -0.11
3116, -1.10, -0.24, 2.41, -1.01, 0.07, -0.12
3123, -0.87, -1.16, 3.07, -1.00, 0.06, -0.10
3131, -0.58, -2.08, 3.65, -1.00, 0.06, -0.11
3139, -0.27, -3.15, 4.11, -0.99, 0.06, -0.11
3146, 0.08, -4.21, 4.40, -0.99, 0.07, -0.11
3154, 0.29, -5.07, 4.31, -0.99, 0.07, -0.12
3162, 0.49, -6.09, 3.97, -0.99, 0.07, -0.13
3170, 0.69, -7.04, 3.42, -1.00, 0.07, -0.12
3177, 0.72, -7.74, 2.89, -1.01, 0.06, -0.11
3185, 0.72, -8.26, 2.27, -1.02, 0.06, -0.11
3192, 0.72, -8.56, 1.88, -1.03, 0.05, -0.11
3200, 0.63, -8.70, 1.69, -1.03, 0.04, -0.09
3208, 0.52, -8.69, 1.92, -1.04, 0.03, -0.10
3215, 0.43, -8.64, 2.40, -1.03, 0.02, -0.10
3223, 0.26, -8.56, 3.21, -1.03, 0.03, -0.10
3230, 0.15, -8.52, 4.18, -1.02, 0.03, -0.10
3238, 0.02, -8.61, 5.10, -1.01, 0.05, -0.12
3246, -0.05, -8.87, 5.92, -1.00, 0.05, -0.12
3254, -0.06, -9.16, 6.47, -0.99, 0.06, -0.13
3262, 0.02, -9.51, 6.76, -0.99, 0.06, -0.12
3269, 0.24, -9.82, 6.81, -0.99, 0.06, -0.11
3277, 0.55, -10.20, 6.81, -1.00, 0.06, -0.11
3284, 0.99, -10.47, 6.72, -1.00, 0.06, -0.11
3293, 1.33, -10.63, 6.69, -1.01, 0.06, -0.10
3300, 1.60, -10.64, 6.69, -1.02, 0.07, -0.10
3308, 1.82, -10.34, 6.70, -1.02, 0.07, -0.09
3316, 1.97, -9.71, 6.75, -1.01, 0.08, -0.09
3323, 2.06, -8.85, 6.85, -1.02, 0.08, -0.09
3332, 2.08, -8.00, 6.92, -1.01, 0.08, -0.09
3339, 1.98, -6.87, 6.96, -1.01, 0.08, -0.10
3347, 1.94, -5.92, 6.99, -1.00, 0.08, -0.10
3354, 1.97, -5.08, 7.01, -1.00, 0.08, -0.10
3362, 2.05, -4.27, 7.08, -0.99, 0.08, -0.11
3369, 2.18, -3.62, 7.16, -0.98, 0.07, -0.11
3377, 2.40, -3.07, 7.31, -0.97, 0.06, -0.12
3385, 2.55, -2.73, 7.45, -0.97, 0.06, -0.10
3392, 2.66, -2.43, 7.47, -0.97, 0.06, -0.11
3400, 2.75, -2.09, 7.24, -0.97, 0.06, -0.12
3407, 2.81, -1.91, 6.79, -0.96, 0.06, -0.12
3416, 2.76, -1.80, 6.24, -0.97, 0.06, -0.11
3423, 2.67, -1.50, 5.47, -0.97, 0.06, -0.10
3431, 2.58, -1.19, 4.73, -0.96, 0.07, -0.09
3438, 2.47, -0.84, 4.05, -0.96, 0.07, -0.09
3446, 2.43, -0.35, 3.44, -0.97, 0.07, -0.08
3453, 2.41, 0.24, 2.87, -0.97, 0.07, -0.08
3462, 2.47, 0.87, 2.24, -0.96, 0.06, -0.10
3469, 2.50, 1.28, 1.63, -0.96, 0.05, -0.10
3476, 2.64, 1.69, 0.92, -0.95, 0.05, -0.10
3483, 2.78, 1.98, 0.23, -0.95, 0.05, -0.11
3491, 3.05, 1.98, -0.50, -0.95, 0.05, -0.11
3499, 3.36, 1.74, -1.08, -0.95, 0.05, -0.12
3507, 3.68, 1.40, -1.69, -0.95, 0.05, -0.11
3514, 3.98, 1.16, -2.29, -0.95, 0.05, -0.12
3522, 4.18, 0.82, -2.78, -0.96, 0.05, -0.12
3529, 4.32, 0.50, -3.44, -0.97, 0.04, -0.11
3537, 4.40, 0.43, -4.32, -0.99, 0.05, -0.12
3545, 4.43, 0.50, -5.21, -1.00, 0.06, -0.11
3552, 4.47, 0.70, -6.31, -1.01, 0.06, -0.10
3560, 4.52, 1.24, -7.53, -1.02, 0.07, -0.10
3567, 4.52, 2.05, -8.60, -1.03, 0.08, -0.10
3575, 4.47, 3.13, -9.79, -1.04, 0.09, -0.10
3582, 4.40, 4.20, -10.60, -1.04, 0.08, -0.11
3591, 4.29, 5.37, -11.19, -1.04, 0.08, -0.11
3599, 4.05, 6.46, -11.27, -1.04, 0.07, -0.11
3606, 3.79, 7.37, -10.85, -1.05, 0.06, -0.12
3614, 3.36, 8.09, -10.03, -1.04, 0.06, -0.13
3622, 3.05, 8.34, -8.98, -1.04, 0.06, -0.13
3630, 2.72, 8.31, -7.68, -1.04, 0.05, -0.13
3637, 2.29, 8.23, -6.27, -1.03, 0.06, -0.13
3645, 1.91, 8.03, -5.01, -1.03, 0.06, -0.13
3652, 1.51, 7.60, -3.57, -1.02, 0.06, -0.12
3660, 1.10, 7.11, -2.21, -1.02, 0.05, -0.11
3667, 0.70, 6.75, -1.01, -1.02, 0.04, -0.11
3676, 0.24, 6.20, 0.40, -1.01, 0.04, -0.12
3683, -0.09, 5.62, 1.60, -1.01, 0.03, -0.11
3691, -0.49, 4.85, 3.08, -1.00, 0.02, -0.11
3698, -0.81, 4.02, 4.47, -0.99, 0.02, -0.11
3706, -1.04, 3.08, 5.56, -0.97, 0.03, -0.12
3714, -1.21, 1.86, 6.46, -0.97, 0.04, -0.11
3722, -1.25, 0.52, 6.90, -0.96, 0.05, -0.11
3729, -1.33, -0.69, 6.96, -0.95, 0.06, -0.11
3737, -1.44, -2.00, 6.60, -0.95, 0.06, -0.11
3744, -1.48, -3.16, 5.98, -0.95, 0.06, -0.10
3752, -1.47, -4.18, 5.30, -0.96, 0.06, -0.10
3761, -1.42, -5.18, 4.67, -0.97, 0.06, -0.08
3768, -1.34, -5.92, 4.23, -0.98, 0.06, -0.09
3776, -1.31, -6.40, 3.83, -0.98, 0.07, -0.08
3783, -1.28, -6.72, 3.54, -0.98, 0.07, -0.08
3791, -1.34, -6.84, 3.25, -0.99, 0.07, -0.08
3800, -1.34, -6.67, 2.84, -0.99, 0.08, -0.08
3807, -1.31, -6.49, 2.47, -0.99, 0.08, -0.10
3815, -1.24, -6.41, 1.97, -0.99, 0.07, -0.09
3823, -1.13, -6.32, 1.54, -1.00, 0.07, -0.10
3830, -1.04, -6.06, 1.10, -1.00, 0.07, -0.10
3838, -0.87, -5.83, 0.70, -1.00, 0.07, -0.11
3847, -0.61, -5.71, 0.44, -1.01, 0.07, -0.10
3854, -0.32, -5.48, 0.29, -1.01, 0.07, -0.10
3862, 0.02, -5.18, 0.32, -1.01, 0.07, -0.09
3869, 0.29, -4.78, 0.38, -1.01, 0.07, -0.10
3877, 0.41, -4.29, 0.43, -1.02, 0.08, -0.09
3885, 0.61, -3.45, 0.47, -1.02, 0.08, -0.09
3893, 0.79, -2.53, 0.72, -1.02, 0.08, -0.08
3900, 0.93, -1.83, 1.13, -1.02, 0.08, -0.08
3908, 1.10, -1.02, 1.71, -1.01, 0.08, -0.09
3915, 1.18, -0.31, 2.20, -1.01, 0.08, -0.10
3923, 1.22, 0.34, 2.61, -1.00, 0.08, -0.10
3931, 1.31, 0.87, 2.70, -1.00, 0.09, -0.10
3938, 1.34, 1.45, 2.69, -0.99, 0.09, -0.09
3945, 1.50, 2.03, 2.64, -0.99, 0.09, -0.09
3953, 1.63, 2.38, 2.63, -0.99, 0.09, -0.09
3960, 1.77, 2.64, 2.73, -0.98, 0.08, -0.08
3968, 1.92, 2.95, 2.87, -0.98, 0.08, -0.10
3976, 1.98, 3.05, 2.90, -0.98, 0.08, -0.10
3983, 2.03, 3.10, 2.85, -0.97, 0.08, -0.10
3990, 2.09, 3.05, 2.73, -0.97, 0.09, -0.09
3998, 2.17, 3.02, 2.53, -0.96, 0.09, -0.09
4005, 2.20, 2.98, 2.27, -0.96, 0.10, -0.09
4013, 2.24, 3.01, 1.85, -0.95, 0.10, -0.09
4021, 2.34, 2.98, 1.34, -0.95, 0.11, -0.10
4028, 2.49, 2.78, 0.63, -0.95, 0.10, -0.09
4035, 2.60, 2.58, -0.11, -0.95, 0.10, -0.09
4043, 2.70, 2.44, -0.96, -0.96, 0.10, -0.09
4050, 2.76, 2.37, -1.68, -0.97, 0.09, -0.08
4059, 2.82, 2.26, -2.31, -0.96, 0.09, -0.09
4066, 2.89, 2.02, -2.64, -0.97, 0.09, -0.09
4073, 2.93, 1.83, -2.70, -0.97, 0.08, -0.10
4081, 2.99, 1.56, -2.55, -0.98, 0.07, -0.10
4088, 3.04, 1.25, -2.24, -0.98, 0.07, -0.10
4097, 3.04, 0.96, -1.98, -0.98, 0.06, -0.10
4104, 3.04, 0.67, -1.74, -0.98, 0.06, -0.10
4112, 2.98, 0.35, -1.63, -0.98, 0.07, -0.11
4119, 2.95, 0.11, -1.60, -0.98, 0.08, -0.10
4127, 3.01, -0.15, -1.68, -0.98, 0.09, -0.10
4134, 3.05, -0.26, -1.76, -0.98, 0.09, -0.09
4143, 3.15, -0.24, -1.74, -0.99, 0.09, -0.09
4151, 3.25, -0.08, -1.68, -0.99, 0.09, -0.09
4158, 3.28, 0.08, -1.59, -1.00, 0.08, -0.10
4166, 3.16, 0.27, -1.45, -1.00, 0.07, -0.10
4173, 3.02, 0.46, -1.31, -1.00, 0.07, -0.11
4182, 2.81, 0.67, -1.10, -1.00, 0.07, -0.11
4189, 2.58, 0.89, -0.85, -1.00, 0.08, -0.10
4197, 2.44, 1.07, -0.69, -1.00, 0.08, -0.10
4204, 2.41, 1.37, -0.56, -1.00, 0.08, -0.11
4212, 2.41, 1.62, -0.55, -0.99, 0.08, -0.12
4219, 2.50, 1.69, -0.61, -1.00, 0.08, -0.11
4228, 2.58, 1.88, -0.81, -1.00, 0.07, -0.12
4235, 2.61, 2.06, -1.02, -1.01, 0.07, -0.11
4243, 2.60, 2.26, -1.28, -1.01, 0.06, -0.10
4250, 2.56, 2.49, -1.54, -1.01, 0.06, -0.11
4257, 2.44, 2.81, -1.73, -1.02, 0.06, -0.11
4265, 2.31, 3.21, -1.83, -1.01, 0.07, -0.11
4273, 2.15, 3.51, -1.76, -1.01, 0.07, -0.11
4281, 2.05, 3.71, -1.60, -1.02, 0.07, -0.11
4288, 1.89, 4.05, -1.28, -1.01, 0.07, -0.11
4296, 1.69, 4.44, -1.01, -1.01, 0.07, -0.11
4303, 1.50, 4.72, -0.66, -1.00, 0.07, -0.11
4312, 1.27, 4.96, -0.27, -1.00, 0.06, -0.11
4319, 1.08, 5.10, 0.03, -1.00, 0.06, -0.10
4327, 0.85, 5.11, 0.35, -0.99, 0.06, -0.11
4334, 0.70, 4.98, 0.60, -0.99, 0.06, -0.10
4341, 0.50, 4.84, 0.82, -0.99, 0.06, -0.11
4348, 0.43, 4.66, 1.02, -0.98, 0.07, -0.11
4357, 0.40, 4.29, 1.15, -0.97, 0.07, -0.11
4364, 0.32, 3.86, 1.27, -0.97, 0.07, -0.11
4371, 0.27, 3.45, 1.24, -0.97, 0.07, -0.11
4379, 0.14, 2.96, 1.16, -0.96, 0.07, -0.11
4386, 0.03, 2.31, 0.98, -0.97, 0.07, -0.11
4393, -0.03, 1.80, 0.75, -0.97, 0.07, -0.10
4402, -0.09, 1.39, 0.53, -0.97, 0.08, -0.10
4409, -0.06, 0.98, 0.40, -0.97, 0.08, -0.10
4417, -0.02, 0.50, 0.31, -0.97, 0.07, -0.10
4424, -0.08, 0.17, 0.26, -0.97, 0.08, -0.10
4432, -0.18, -0.17, 0.06, -0.97, 0.07, -0.10
4440, -0.37, -0.60, -0.26, -0.97, 0.07, -0.10
4448, -0.53, -0.81, -0.76, -0.98, 0.08, -0.10
4456, -0.56, -1.01, -1.18, -0.97, 0.07, -0.10
4464, -0.58, -1.19, -1.60, -0.98, 0.07, -0.10
4471, -0.46, -1.30, -1.91, -0.98, 0.07, -0.10
4480, -0.37, -1.40, -2.11, -0.98, 0.07, -0.12
4488, -0.35, -1.54, -2.29, -0.99, 0.07, -0.11
4496, -0.37, -1.74, -2.53, -0.99, 0.06, -0.10
4504, -0.31, -1.85, -2.73, -0.99, 0.07, -0.10
4511, -0.24, -1.76, -2.84, -1.00, 0.07, -0.09
4519, -0.12, -1.51, -2.79, -1.00, 0.07, -0.10
4528, 0.05, -1.24, -2.70, -1.00, 0.07, -0.10
4536, 0.27, -1.04, -2.47, -1.01, 0.08, -0.11
4543, 0.46, -0.82, -2.23, -1.01, 0.07, -0.11
4551, 0.60, -0.61, -2.00, -1.00, 0.07, -0.10
4559, 0.75, -0.31, -1.77, -1.01, 0.07, -0.11
4567, 0.90, -0.05, -1.53, -1.00, 0.08, -0.11
4575, 1.04, 0.26, -1.34, -1.00, 0.07, -0.10
4582, 1.13, 0.50, -1.18, -1.00, 0.08, -0.10
4590, 1.22, 0.79, -1.04, -1.00, 0.07, -0.11
4597, 1.28, 1.02, -0.96, -1.00, 0.08, -0.11
4605, 1.44, 1.19, -0.89, -1.00, 0.08, -0.11
4613, 1.57, 1.37, -0.81, -1.00, 0.07, -0.11
4621, 1.69, 1.66, -0.76, -1.00, 0.07, -0.11
4628, 1.76, 1.88, -0.70, -1.00, 0.07, -0.11
4636, 1.89, 2.11, -0.70, -1.00, 0.07, -0.11
4643, 1.95, 2.24, -0.64, -1.00, 0.07, -0.11
4652, 2.00, 2.41, -0.64, -1.00, 0.07, -0.11
4659, 2.14, 2.58, -0.55, -0.99, 0.07, -0.12
4667, 2.20, 2.69, -0.49, -0.99, 0.07, -0.11
4674, 2.26, 2.76, -0.38, -1.00, 0.07, -0.11
4681, 2.32, 2.87, -0.23, -1.00, 0.06, -0.12
4689, 2.31, 2.84, -0.09, -0.99, 0.06, -0.12
4697, 2.31, 2.72, -0.02, -0.99, 0.06, -0.11
4705, 2.27, 2.56, 0.00, -0.99, 0.06, -0.12
4712, 2.20, 2.44, -0.05, -0.99, 0.07, -0.12
4720, 2.12, 2.40, -0.26, -0.99, 0.07, -0.11
4727, 2.09, 2.40, -0.47, -0.99, 0.07, -0.11
4736, 2.06, 2.32, -0.64, -0.98, 0.07, -0.11
4743, 2.03, 2.29, -0.87, -0.99, 0.07, -0.12
4751, 2.02, 2.31, -0.99, -0.99, 0.07, -0.11
4758, 1.95, 2.34, -1.02, -0.99, 0.07, -0.11
4766, 1.80, 2.31, -0.99, -0.99, 0.06, -0.12
4773, 1.62, 2.21, -0.92, -0.98, 0.06, -0.13
4781, 1.44, 2.02, -0.89, -0.98, 0.06, -0.13
4789, 1.21, 1.79, -0.93, -0.99, 0.06, -0.12
4796, 1.04, 1.65, -0.96, -0.98, 0.07, -0.13
4804, 0.89, 1.44, -1.05, -0.98, 0.07, -0.12
4811, 0.79, 1.31, -1.13, -0.99, 0.06, -0.12
4819, 0.78, 1.18, -1.27, -0.99, 0.07, -0.12
4827, 0.66, 1.18, -1.37, -0.99, 0.07, -0.12
4835, 0.58, 1.16, -1.40, -0.99, 0.07, -0.12
4842, 0.47, 1.05, -1.39, -0.99, 0.06, -0.13
4850, 0.26, 1.01, -1.24, -0.99, 0.06, -0.12
4857, 0.15, 1.05, -1.11, -0.99, 0.06, -0.13
4866, 0.08, 1.04, -0.95, -0.99, 0.06, -0.13
4873, 0.05, 0.87, -0.79, -1.00, 0.07, -0.13
4881, 0.02, 0.81, -0.76, -1.00, 0.07, -0.12
4888, 0.05, 0.93, -0.78, -0.99, 0.07, -0.13
4896, 0.09, 0.92, -0.85, -1.00, 0.07, -0.13
4903, 0.17, 0.89, -0.84, -1.00, 0.07, -0.12
4911, 0.14, 0.96, -0.81, -1.00, 0.07, -0.11
4919, 0.08, 1.11, -0.69, -1.00, 0.06, -0.13
4926, 0.00, 1.19, -0.53, -1.01, 0.05, -0.13
4934, -0.11, 1.21, -0.24, -1.00, 0.05, -0.13
4942, -0.20, 1.24, 0.06, -1.00, 0.06, -0.13
4950, -0.34, 1.19, 0.27, -0.99, 0.06, -0.12
4957, -0.53, 1.13, 0.46, -0.99, 0.07, -0.13
4965, -0.69, 1.11, 0.53, -0.99, 0.07, -0.12
4972, -0.85, 1.08, 0.53, -0.98, 0.07, -0.12
4980, -0.99, 1.11, 0.43, -0.98, 0.08, -0.13
4987, -1.15, 1.01, 0.21, -0.98, 0.07, -0.12
4996, -1.25, 0.87, -0.06, -0.98, 0.07, -0.12
5003, -1.37, 0.66, -0.31, -0.98, 0.07, -0.11
5011, -1.56, 0.41, -0.49, -0.98, 0.06, -0.12
5019, -1.71, 0.23, -0.58, -0.98, 0.06, -0.11
5026, -1.82, -0.03, -0.60, -0.98, 0.06, -0.13
5035, -1.86, -0.41, -0.63, -0.97, 0.06, -0.13
5043, -1.91, -0.85, -0.60, -0.98, 0.07, -0.13
5051, -1.85, -1.36, -0.67, -0.97, 0.06, -0.13
5059, -1.83, -1.80, -0.69, -0.97, 0.07, -0.12
5066, -1.83, -2.37, -0.85, -0.97, 0.08, -0.12
5074, -1.94, -2.78, -1.10, -0.99, 0.08, -0.11
5083, -2.06, -2.93, -1.42, -0.99, 0.07, -0.11
5091, -2.18, -2.96, -1.63, -0.99, 0.06, -0.12
5099, -2.26, -3.01, -1.65, -1.00, 0.06, -0.11
5106, -2.31, -2.92, -1.51, -1.00, 0.06, -0.11
5114, -2.38, -2.79, -1.18, -1.00, 0.06, -0.12
5123, -2.43, -2.78, -0.82, -0.99, 0.06, -0.12
5131, -2.56, -2.81, -0.55, -1.00, 0.07, -0.12
5139, -2.60, -2.70, -0.40, -0.99, 0.07, -0.12
5146, -2.70, -2.73, -0.53, -0.99, 0.07, -0.12
5154, -2.73, -2.76, -0.73, -0.99, 0.07, -0.12
5163, -2.69, -2.69, -0.99, -1.00, 0.07, -0.12
5171, -2.61, -2.56, -1.21, -1.00, 0.07, -0.12
5179, -2.43, -2.47, -1.28, -1.00, 0.06, -0.11
5186, -2.29, -2.32, -1.22, -1.00, 0.06, -0.11
5194, -2.21, -2.12, -1.04, -1.00, 0.06, -0.11
5202, -2.14, -1.92, -0.89, -1.00, 0.07, -0.11
5211, -2.15, -1.66, -0.76, -1.00, 0.07, -0.11
5219, -2.18, -1.37, -0.70, -1.00, 0.07, -0.12
5226, -2.26, -1.18, -0.76, -1.00, 0.07, -0.11
5234, -2.32, -0.87, -0.84, -1.00, 0.07, -0.11
5242, -2.35, -0.66, -0.96, -0.99, 0.06, -0.12
5251, -2.43, -0.56, -1.04, -0.99, 0.07, -0.12
5259, -2.40, -0.49, -1.01, -0.99, 0.07, -0.12
5266, -2.43, -0.44, -1.02, -0.99, 0.06, -0.12
5274, -2.46, -0.40, -0.98, -0.99, 0.07, -0.11
5282, -2.52, -0.38, -0.99, -0.99, 0.07, -0.11
5291, -2.60, -0.27, -1.10, -0.99, 0.07, -0.10
5299, -2.67, -0.14, -1.25, -0.99, 0.07, -0.11
5306, -2.73, -0.09, -1.45, -0.99, 0.07, -0.11
5314, -2.81, 0.02, -1.65, -0.99, 0.07, -0.10
5322, -2.84, 0.15, -1.77, -0.99, 0.07, -0.10
5330, -2.84, 0.31, -1.80, -0.99, 0.07, -0.10
5338, -2.82, 0.31, -1.69, -1.00, 0.06, -0.10
5346, -2.82, 0.32, -1.51, -0.99, 0.05, -0.11
5353, -2.81, 0.26, -1.22, -0.99, 0.06, -0.11
5361, -2.82, 0.20, -0.98, -0.99, 0.06, -0.10
5369, -2.79, 0.02, -0.67, -0.99, 0.06, -0.10
5377, -2.76, -0.12, -0.37, -0.99, 0.06, -0.09
5385, -2.72, -0.24, -0.11, -0.99, 0.06, -0.10
5393, -2.61, -0.35, 0.14, -0.98, 0.06, -0.10
5401, -2.50, -0.63, 0.26, -0.98, 0.07, -0.09
5408, -2.41, -0.79, 0.31, -0.98, 0.08, -0.09
5416, -2.35, -0.87, 0.24, -0.98, 0.08, -0.09
5424, -2.23, -1.07, 0.17, -0.98, 0.08, -0.09
5432, -2.17, -1.16, 0.11, -0.98, 0.07, -0.09
5440, -2.08, -1.18, -0.02, -0.98, 0.07, -0.09
5448, -2.02, -1.21, -0.14, -0.98, 0.07, -0.10
5455, -1.97, -1.37, -0.18, -0.98, 0.06, -0.10
5464, -1.91, -1.56, -0.18, -0.98, 0.07, -0.10
5472, -1.86, -1.65, -0.20, -0.98, 0.07, -0.09
5480, -1.77, -1.77, -0.12, -0.98, 0.07, -0.09
5488, -1.68, -1.82, -0.02, -0.98, 0.07, -0.09
5495, -1.59, -1.77, 0.17, -0.98, 0.07, -0.08
5504, -1.47, -1.77, 0.31, -0.97, 0.07, -0.09
5512, -1.37, -1.80, 0.47, -0.97, 0.06, -0.09
5519, -1.25, -1.83, 0.52, -0.97, 0.06, -0.10
5527, -1.08, -1.86, 0.44, -0.97, 0.07, -0.10
5535, -0.85, -1.98, 0.20, -0.97, 0.07, -0.09
5542, -0.60, -2.08, -0.14, -0.98, 0.08, -0.09
5551, -0.32, -2.03, -0.61, -0.98, 0.08, -0.09
5559, -0.02, -1.82, -1.15, -0.98, 0.08, -0.10
5567, 0.24, -1.66, -1.66, -0.98, 0.08, -0.09
5574, 0.44, -1.33, -2.15, -0.99, 0.07, -0.08
5582, 0.58, -0.93, -2.55, -0.99, 0.07, -0.08
5591, 0.78, -0.53, -2.81, -1.00, 0.07, -0.10
5598, 0.99, -0.15, -3.01, -1.00, 0.07, -0.08
5606, 1.16, 0.26, -3.21, -0.99, 0.07, -0.09
5613, 1.39, 0.76, -3.48, -0.99, 0.08, -0.09
5621, 1.62, 1.19, -3.85, -1.00, 0.08, -0.10
5628, 1.83, 1.54, -4.26, -1.00, 0.08, -0.09
5637, 2.12, 1.98, -4.78, -1.00, 0.08, -0.09
5644, 2.31, 2.44, -5.24, -1.00, 0.07, -0.09
5652, 2.47, 2.79, -5.48, -1.01, 0.06, -0.10
5659, 2.60, 3.21, -5.60, -1.01, 0.06, -0.09
5667, 2.70, 3.53, -5.57, -1.01, 0.07, -0.09
5675, 2.82, 3.85, -5.40, -1.01, 0.07, -0.09
5682, 2.95, 4.15, -5.13, -1.02, 0.06, -0.09
5690, 3.01, 4.47, -4.84, -1.01, 0.07, -0.09
5697, 3.11, 4.75, -4.55, -1.01, 0.07, -0.10
5705, 3.25, 4.89, -4.21, -1.00, 0.07, -0.11
5712, 3.36, 4.93, -3.91, -1.00, 0.06, -0.10
5721, 3.48, 4.93, -3.54, -1.01, 0.06, -0.10
5728, 3.57, 4.89, -3.15, -1.00, 0.06, -0.11
5736, 3.62, 4.78, -2.87, -1.00, 0.06, -0.11
5743, 3.62, 4.49, -2.55, -1.00, 0.06, -0.11
5751, 3.60, 4.26, -2.17, -1.00, 0.06, -0.10
5758, 3.59, 4.17, -1.82, -1.00, 0.06, -0.10
5767, 3.59, 4.08, -1.33, -1.00, 0.06, -0.10
5774, 3.56, 3.91, -0.93, -0.99, 0.05, -0.10
5782, 3.50, 3.73, -0.53, -1.00, 0.05, -0.10
5789, 3.40, 3.53, -0.29, -0.99, 0.05, -0.10
5797, 3.33, 3.31, -0.14, -0.98, 0.06, -0.11
5805, 3.30, 2.85, -0.18, -0.98, 0.06, -0.11
5812, 3.24, 2.49, -0.43, -0.98, 0.06, -0.10
5820, 3.24, 2.27, -0.70, -0.98, 0.06, -0.11
5827, 3.30, 2.00, -1.05, -0.98, 0.06, -0.11
5835, 3.34, 1.62, -1.31, -0.98, 0.06, -0.11
5842, 3.40, 1.27, -1.48, -0.99, 0.04, -0.10
5851, 3.39, 0.90, -1.50, -0.99, 0.03, -0.11
5858, 3.27, 0.50, -1.44, -0.99, 0.04, -0.12
5866, 3.10, 0.00, -1.39, -0.99, 0.04, -0.12
5873, 2.87, -0.38, -1.34, -0.99, 0.05, -0.11
5881, 2.66, -0.72, -1.37, -0.99, 0.06, -0.11
5890, 2.47, -0.92, -1.47, -0.99, 0.06, -0.11
5897, 2.40, -1.13, -1.57, -1.00, 0.06, -0.11
5905, 2.29, -1.27, -1.65, -1.00, 0.06, -0.10
5912, 2.18, -1.28, -1.71, -1.01, 0.05, -0.11
5920, 1.98, -1.27, -1.66, -1.01, 0.05, -0.10
5928, 1.86, -1.24, -1.60, -1.01, 0.05, -0.11
5936, 1.66, -1.16, -1.44, -1.01, 0.04, -0.11
5944, 1.42, -1.16, -1.19, -1.01, 0.04, -0.11
5952, 1.25, -1.22, -0.93, -1.00, 0.04, -0.12
5959, 1.10, -1.25, -0.78, -1.01, 0.05, -0.11
5967, 1.07, -1.36, -0.75, -1.00, 0.05, -0.12
5976, 1.07, -1.45, -0.96, -1.01, 0.06, -0.13
5983, 1.11, -1.53, -1.50, -1.01, 0.07, -0.11
5991, 1.08, -1.37, -2.15, -1.01, 0.07, -0.11
5998, 1.08, -1.13, -2.67, -1.02, 0.07, -0.11
6006, 0.96, -0.79, -2.89, -1.03, 0.06, -0.10
6014, 0.81, -0.38, -2.82, -1.03, 0.05, -0.10
6022, 0.61, 0.18, -2.47, -1.03, 0.04, -0.11
6030, 0.40, 0.47, -1.89, -1.03, 0.04, -0.11
6037, 0.23, 0.64, -1.30, -1.02, 0.04, -0.11
6045, 0.05, 0.95, -0.50, -1.02, 0.05, -0.11
6052, -0.14, 1.04, 0.12, -1.01, 0.05, -0.12
6061, -0.29, 0.96, 0.55, -1.00, 0.06, -0.12
6068, -0.44, 1.01, 0.81, -1.00, 0.06, -0.11
6076, -0.49, 0.96, 1.02, -1.00, 0.05, -0.12
6083, -0.52, 0.66, 1.16, -1.00, 0.05, -0.11
6091, -0.49, 0.27, 1.37, -1.00, 0.04, -0.11
6098, -0.46, -0.03, 1.77, -1.01, 0.04, -0.11
6107, -0.40, -0.37, 2.24, -1.00, 0.04, -0.11
6114, -0.35, -0.82, 2.96, -0.99, 0.04, -0.11
6122, -0.34, -1.19, 3.74, -0.99, 0.05, -0.11
6130, -0.53, -1.42, 4.55, -0.99, 0.05, -0.10
6137, -0.67, -1.79, 5.33, -0.98, 0.04, -0.10
6146, -0.84, -2.18, 5.83, -0.97, 0.04, -0.11
6154, -0.99, -2.55, 6.26, -0.97, 0.04, -0.11
6161, -1.15, -3.07, 6.46, -0.96, 0.05, -0.11
6169, -1.21, -3.69, 6.43, -0.96, 0.05, -0.10
6176, -1.24, -4.11, 6.24, -0.95, 0.06, -0.10
6184, -1.25, -4.50, 5.95, -0.95, 0.06, -0.10
6193, -1.28, -4.92, 5.59, -0.95, 0.06, -0.08
6200, -1.30, -5.19, 5.13, -0.95, 0.06, -0.08
6208, -1.36, -5.33, 4.56, -0.96, 0.06, -0.09
6216, -1.40, -5.39, 3.89, -0.96, 0.06, -0.09
6223, -1.40, -5.56, 3.33, -0.95, 0.06, -0.08
6232, -1.36, -5.73, 2.63, -0.95, 0.07, -0.09
6240, -1.25, -5.73, 1.77, -0.95, 0.08, -0.08
6247, -1.18, -5.63, 0.82, -0.95, 0.08, -0.08
6255, -1.02, -5.50, -0.34, -0.95, 0.08, -0.08
6263, -0.93, -5.30, -1.54, -0.96, 0.07, -0.09
6270, -0.79, -5.10, -2.73, -0.97, 0.07, -0.09
6279, -0.69, -4.95, -3.85, -0.98, 0.07, -0.09
6287, -0.46, -4.76, -4.67, -0.98, 0.07, -0.09
6295, -0.17, -4.50, -5.24, -0.99, 0.07, -0.09
6303, 0.09, -4.12, -5.65, -1.00, 0.06, -0.09
6310, 0.37, -3.74, -5.82, -1.01, 0.07, -0.08
6319, 0.58, -3.21, -5.98, -1.01, 0.06, -0.09
6327, 0.76, -2.63, -6.06, -1.01, 0.07, -0.09
6334, 0.92, -2.00, -6.08, -1.02, 0.06, -0.09
6342, 0.92, -1.40, -6.02, -1.03, 0.05, -0.09
6349, 0.93, -0.81, -5.82, -1.03, 0.05, -0.10
6358, 1.02, -0.20, -5.45, -1.02, 0.05, -0.09
6366, 1.13, 0.32, -4.87, -1.03, 0.05, -0.10
6373, 1.27, 0.75, -4.20, -1.03, 0.05, -0.10
6381, 1.42, 1.04, -3.60, -1.02, 0.05, -0.11
6388, 1.57, 1.31, -2.92, -1.02, 0.06, -0.11
6396, 1.74, 1.65, -2.26, -1.02, 0.06, -0.09
6404, 1.82, 2.02, -1.79, -1.02, 0.06, -0.10
6412, 1.89, 2.34, -1.31, -1.02, 0.07, -0.10
6419, 1.91, 2.72, -0.89, -1.02, 0.06, -0.09
6426, 1.95, 3.15, -0.60, -1.01, 0.06, -0.09
6434, 2.00, 3.51, -0.23, -1.01, 0.06, -0.10
6441, 2.06, 3.66, -0.03, -1.01, 0.06, -0.08
6450, 2.08, 3.92, 0.08, -1.01, 0.07, -0.09
6457, 2.08, 4.27, 0.11, -1.00, 0.07, -0.10
6465, 2.09, 4.32, -0.02, -0.99, 0.07, -0.10
6472, 2.02, 4.24, -0.21, -1.00, 0.06, -0.10
6479, 1.92, 4.24, -0.47, -0.99, 0.06, -0.10
6488, 1.77, 4.09, -0.67, -0.99, 0.05, -0.10
6495, 1.68, 3.79, -0.69, -0.99, 0.05, -0.10
6503, 1.62, 3.45, -0.55, -0.99, 0.04, -0.10
6510, 1.57, 3.08, -0.26, -0.99, 0.04, -0.10
6518, 1.45, 2.61, 0.08, -0.99, 0.05, -0.10
6525, 1.28, 1.98, 0.37, -0.98, 0.04, -0.10
6533, 1.08, 1.42, 0.52, -0.98, 0.05, -0.10
6541, 0.82, 0.85, 0.53, -0.98, 0.05, -0.10
6548, 0.66, 0.32, 0.44, -0.98, 0.05, -0.10
6555, 0.49, -0.23, 0.27, -0.98, 0.06, -0.09
6563, 0.38, -0.64, 0.06, -0.98, 0.06, -0.10
6571, 0.29, -1.07, -0.09, -0.99, 0.06, -0.09
6579, 0.17, -1.51, -0.12, -0.98, 0.06, -0.10
6587, 0.06, -1.94, -0.06, -0.99, 0.06, -0.09
6594, -0.02, -2.24, 0.06, -0.99, 0.05, -0.09
6602, -0.18, -2.63, 0.17, -0.99, 0.05, -0.10
6609, -0.27, -3.13, 0.34, -0.98, 0.05, -0.10
6618, -0.37, -3.57, 0.43, -0.99, 0.05, -0.10
6626, -0.37, -3.91, 0.49, -0.99, 0.06, -0.10
6633, -0.37, -4.18, 0.52, -0.99, 0.06, -0.09
6641, -0.38, -4.35, 0.52, -0.99, 0.06, -0.09
6649, -0.34, -4.50, 0.53, -1.00, 0.05, -0.09
6657, -0.32, -4.52, 0.66, -1.00, 0.05, -0.10
6665, -0.38, -4.46, 0.82, -1.00, 0.05, -0.10
6673, -0.34, -4.40, 1.04, -1.00, 0.05, -0.10
6680, -0.32, -4.24, 1.22, -1.00, 0.05, -0.10
6688, -0.24, -4.02, 1.37, -0.99, 0.06, -0.09
6695, -0.24, -3.74, 1.47, -0.99, 0.07, -0.09
6704, -0.23, -3.36, 1.48, -0.99, 0.07, -0.09
6712, -0.20, -2.90, 1.47, -0.99, 0.06, -0.09
6719, -0.20, -2.52, 1.44, -0.99, 0.06, -0.09
6727, -0.18, -2.09, 1.47, -0.99, 0.05, -0.09
6735, -0.12, -1.79, 1.62, -0.99, 0.04, -0.10
6743, -0.14, -1.51, 1.83, -0.98, 0.05, -0.09
6751, -0.17, -1.25, 2.26, -0.98, 0.04, -0.09
6759, -0.29, -0.99, 2.61, -0.97, 0.04, -0.09
6766, -0.38, -0.81, 2.85, -0.96, 0.05, -0.10
6774, -0.44, -0.75, 3.01, -0.96, 0.05, -0.10
6781, -0.46, -0.67, 2.87, -0.96, 0.06, -0.09
6790, -0.34, -0.53, 2.40, -0.96, 0.06, -0.09
6798, -0.20, -0.43, 1.62, -0.95, 0.07, -0.09
6805, -0.09, -0.31, 0.69, -0.96, 0.07, -0.08
6813, -0.02, 0.05, -0.47, -0.96, 0.06, -0.07
6821, 0.08, 0.47, -1.66, -0.96, 0.07, -0.08
6829, 0.15, 0.75, -2.79, -0.96, 0.07, -0.07
6837, 0.32, 1.02, -3.68, -0.97, 0.07, -0.08
6844, 0.49, 1.44, -4.70, -0.97, 0.07, -0.08
6852, 0.67, 1.79, -5.77, -0.97, 0.07, -0.08
6859, 0.85, 2.08, -6.67, -0.97, 0.07, -0.07
6866, 1.07, 2.43, -7.60, -0.97, 0.07, -0.08
6875, 1.16, 2.66, -8.26, -0.98, 0.07, -0.08
6882, 1.24, 2.84, -8.96, -0.98, 0.07, -0.08
6890, 1.34, 3.02, -9.45, -0.99, 0.06, -0.09
6897, 1.45, 3.10, -9.86, -1.00, 0.06, -0.09
6905, 1.57, 3.25, -10.15, -1.01, 0.06, -0.09
6913, 1.71, 3.39, -10.26, -1.01, 0.05, -0.09
6921, 1.85, 3.68, -10.15, -1.01, 0.06, -0.09
6929, 1.88, 3.92, -9.77, -1.03, 0.05, -0.09
6936, 1.85, 4.31, -9.15, -1.03, 0.05, -0.09
6944, 1.79, 4.60, -8.26, -1.03, 0.04, -0.09
6951, 1.73, 4.72, -7.39, -1.03, 0.03, -0.10
6960, 1.60, 4.75, -6.34, -1.03, 0.02, -0.10
6967, 1.44, 4.70, -5.31, -1.01, 0.03, -0.11
6975, 1.21, 4.53, -4.31, -1.01, 0.03, -0.10
6982, 0.89, 4.18, -3.22, -1.01, 0.03, -0.08
6989, 0.49, 4.03, -2.23, -1.01, 0.04, -0.09
6998, 0.23, 3.91, -1.51, -1.01, 0.04, -0.09
7005, 0.12, 3.48, -0.95, -1.01, 0.04, -0.09
7013, 0.21, 3.08, -0.64, -1.01, 0.05, -0.07
7020, 0.31, 2.93, -0.50, -1.00, 0.05, -0.08
7028, 0.43, 2.82, -0.66, -0.99, 0.05, -0.08
7035, 0.58, 2.52, -0.93, -1.00, 0.06, -0.08
7044, 0.81, 2.23, -1.40, -1.00, 0.06, -0.08
7051, 1.01, 2.02, -2.02, -1.00, 0.06, -0.09
7059, 1.22, 1.71, -2.56, -1.00, 0.06, -0.10
7066, 1.51, 1.22, -3.13, -1.00, 0.06, -0.09
7074, 1.77, 0.84, -3.59, -1.01, 0.06, -0.10
7081, 1.97, 0.52, -3.83, -1.02, 0.06, -0.10
7090, 2.15, 0.09, -4.03, -1.02, 0.05, -0.10
7097, 2.27, -0.17, -4.14, -1.03, 0.05, -0.10
7105, 2.32, -0.27, -4.09, -1.04, 0.05, -0.10
7112, 2.38, -0.32, -4.05, -1.04, 0.06, -0.11
7120, 2.40, -0.26, -3.97, -1.05, 0.06, -0.09
7129, 2.40, 0.08, -3.76, -1.05, 0.06, -0.09
7136, 2.34, 0.49, -3.56, -1.05, 0.06, -0.10
7144, 2.31, 0.90, -3.22, -1.06, 0.06, -0.10
7151, 2.26, 1.39, -2.85, -1.06, 0.06, -0.09
7159, 2.14, 1.92, -2.38, -1.06, 0.05, -0.09
7166, 2.00, 2.61, -1.68, -1.06, 0.04, -0.10
7174, 1.71, 3.15, -0.76, -1.06, 0.03, -0.11
7182, 1.47, 3.50, 0.26, -1.06, 0.02, -0.12
7189, 1.16, 3.74, 1.51, -1.05, 0.02, -0.11
7197, 0.87, 3.79, 2.63, -1.04, 0.02, -0.12
7204, 0.60, 3.65, 3.86, -1.03, 0.02, -0.12
7212, 0.29, 3.42, 4.82, -1.02, 0.03, -0.12
7219, -0.02, 3.11, 5.76, -1.02, 0.03, -0.10
7227, -0.27, 2.84, 6.38, -1.01, 0.03, -0.11
7234, -0.52, 2.47, 6.87, -1.00, 0.04, -0.11
7242, -0.81, 2.09, 7.27, -0.99, 0.04, -0.11
7249, -1.04, 1.63, 7.53, -0.99, 0.03, -0.10
7258, -1.31, 0.99, 7.83, -0.98, 0.03, -0.10
7265, -1.59, 0.46, 8.05, -0.97, 0.03, -0.10
7273, -2.02, -0.21, 8.18, -0.97, 0.03, -0.10
7280, -2.47, -0.95, 8.12, -0.96, 0.03, -0.10
7288, -2.93, -1.74, 7.95, -0.96, 0.04, -0.10
7297, -3.28, -2.47, 7.68, -0.95, 0.04, -0.11
7304, -3.65, -3.42, 7.30, -0.95, 0.05, -0.10
7312, -3.95, -4.35, 6.79, -0.95, 0.04, -0.10
7320, -4.18, -5.19, 6.32, -0.94, 0.05, -0.10
7327, -4.38, -6.15, 6.17, -0.93, 0.05, -0.10
7335, -4.73, -7.11, 6.60, -0.94, 0.03, -0.08
7343, -5.42, -7.62, 7.36, -0.95, 0.01, -0.07
7351, -6.23, -8.00, 8.64, -0.93, -0.02, -0.10
7359, -7.04, -9.01, 10.05, -0.94, -0.03, -0.11
7367, -7.77, -10.18, 11.15, -0.94, -0.03, -0.10
7375, -8.37, -11.31, 11.54, -0.92, 0.00, -0.11
7384, -8.67, -12.46, 10.81, -0.91, 0.04, -0.10
7392, -8.76, -13.54, 9.31, -0.91, 0.08, -0.07
7400, -8.75, -13.80, 7.04, -0.92, 0.11, -0.06
7408, -8.56, -13.53, 4.35, -0.93, 0.11, -0.05
7415, -8.37, -13.11, 1.68, -0.94, 0.09, -0.04
7424, -8.09, -12.27, -0.58, -0.96, 0.08, -0.03
7432, -7.86, -11.15, -2.27, -0.97, 0.06, -0.03
7440, -7.63, -10.06, -3.27, -0.98, 0.05, -0.03
